"POLITICO";"NOME_CASA";"PARTIDO";"UF";"ID";"ANO_MANDATO";"LEGISLATURA";"URL_FOTO";"B_RUR";"B_EV"
"ABELARDO CAMARINHA";"ABELARDO CAMARINHA";"PSB";"SP";1772;2011;54;162877;;
"ABELARDO LUPION";"ABELARDO LUPION";"DEM";"PR";879;2011;54;98523;"true";
"ACELINO POPÓ";"ACELINO POPO";"PRB";"BA";2419;2011;54;193046;;"true"
"ADEMIR CAMILO";"ADEMIR CAMILO";"PSD";"MG";1744;2011;54;139355;"true";
"ADRIAN";"ADRIAN";"PMDB";"RJ";2350;2011;54;189122;;
"AELTON FREITAS";"AELTON FREITAS";"PR";"MG";1773;2011;54;162235;;
"AFONSO FLORENCE";"AFONSO FLORENCE";"PT";"BA";2406;2011;54;189039;;
"AFONSO HAMM";"AFONSO HAMM";"PP";"RS";1758;2011;54;147760;"true";
"AGUINALDO RIBEIRO";"AGUINALDO RIBEIRO";"PP";"PB";2408;2011;54;189098;"true";"true"
"ALBERTO FILHO";"ALBERTO FILHO";"PMDB";"MA";2283;2011;54;189076;"true";
"ALBERTO MOURÃO";"ALBERTO MOURAO";"PSDB";"SP";1390;2011;54;100509;;
"ALCEU MOREIRA";"ALCEU MOREIRA";"PMDB";"RS";2379;2011;54;189143;"true";
"ALDO REBELO";"ALDO REBELO";"PCdoB";"SP";764;2011;54;96819;;
"ALESSANDRO MOLON";"ALESSANDRO MOLON";"PT";"RJ";2240;2011;54;189123;;
"ALEX CANZIANI";"ALEX CANZIANI";"PTB";"PR";1435;2011;54;100337;"true";
"ALEXANDRE CARDOSO";"ALEXANDRE CARDOSO";"PSB";"RJ";949;2011;54;98846;;
"ALEXANDRE LEITE";"ALEXANDRE LEITE";"DEM";"SP";2373;2011;54;189163;;
"ALEXANDRE ROSO";"ALEXANDRE ROSO";"PSB";"RS";2286;2011;54;189144;;
"ALEXANDRE SANTOS";"ALEXANDRE SANTOS";"PMDB";"RJ";950;2011;54;98816;;
"ALEXANDRE SILVEIRA";"ALEXANDRE SILVEIRA";"PSD";"MG";1775;2011;54;160605;;
"ALFREDO KAEFER";"ALFREDO KAEFER";"PSDB";"PR";1776;2011;54;160996;"true";
"ALFREDO SIRKIS";"ALFREDO SIRKIS";"PV";"RJ";2309;2011;54;189124;;
"ALICE PORTUGAL";"ALICE PORTUGAL";"PCdoB";"BA";1531;2011;54;107809;;
"ALINE CORRÊA";"ALINE CORREA";"PP";"SP";1777;2011;54;163096;"true";
"ALMEIDA LIMA";"ALMEIDA LIMA";"PPS";"SE";2370;2011;54;189218;;
"AMAURI TEIXEIRA";"AMAURI TEIXEIRA";"PT";"BA";2323;2011;54;189040;;
"ANA ARRAES";"ANA ARRAES";"PSB";"PE";1960;2011;54;160638;;
"ANDERSON FERREIRA";"ANDERSON FERREIRA";"PR";"PE";2371;2011;54;189103;"true";"true"
"ANDRÉ DIAS";"ANDRE DIAS";"PSDB";"PA";2417;2011;54;193035;;
"ANDRÉ FIGUEIREDO";"ANDRE FIGUEIREDO";"PDT";"CE";1748;2011;54;139422;;
"ANDRE MOURA";"ANDRE MOURA";"PSC";"SE";2273;2011;54;189159;"true";
"ANDRE VARGAS";"ANDRE VARGAS";"PT";"PR";1778;2011;54;161755;;
"ANDRÉ ZACHAROW";"ANDRE ZACHAROW";"PMDB";"PR";1536;2011;54;107193;"true";"true"
"ANDREIA ZITO";"ANDREIA ZITO";"PSDB";"RJ";1779;2011;54;162378;;"true"
"ÂNGELO AGNOLIN";"ANGELO AGNOLIN";"PDT";"TO";2383;2011;54;189191;;
"ANGELO VANHONI";"ANGELO VANHONI";"PT";"PR";1781;2011;54;160549;;
"ANÍBAL GOMES";"ANIBAL GOMES";"PMDB";"CE";958;2011;54;96859;;
"ANTHONY GAROTINHO";"ANTHONY GAROTINHO";"PR";"RJ";2306;2011;54;189211;;"true"
"ANTÔNIA LÚCIA";"ANTONIA LUCIA";"PSC";"AC";2258;2011;54;189029;"true";"true"
"ANTÔNIO ANDRADE";"ANTONIO ANDRADE";"PMDB";"MG";1961;2011;54;161747;"true";
"ANTONIO BALHMANN";"ANTONIO BALHMANN";"PSB";"CE";960;2011;54;101060;"true";
"ANTONIO BRITO";"ANTONIO BRITO";"PTB";"BA";2407;2011;54;189042;;
"ANTONIO BULHÕES";"ANTONIO BULHOES";"PRB";"SP";1782;2011;54;161129;;"true"
"ANTONIO CARLOS MAGALHÃES NETO";"ANTONIO CARLOS MAGALHAES NETO";"DEM";"BA";1540;2011;54;107236;;
"ANTONIO CARLOS MENDES THAME";"ANTONIO CARLOS MENDES THAME";"PSDB";"SP";288;2011;54;100694;;
"ANTONIO IMBASSAHY";"ANTONIO IMBASSAHY";"PSDB";"BA";2295;2011;54;189041;"true";
"ANTÔNIO ROBERTO";"ANTONIO ROBERTO";"PV";"MG";1784;2011;54;160497;;
"ARACELY DE PAULA";"ARACELY DE PAULA";"PR";"MG";689;2011;54;96943;;
"ARIOSTO HOLANDA";"ARIOSTO HOLANDA";"PSB";"CE";617;2011;54;98966;;
"ARLINDO CHINAGLIA";"ARLINDO CHINAGLIA";"PT";"SP";974;2011;54;96950;;
"ARMANDO ABÍLIO";"ARMANDO ABILIO";"PTB";"PB";975;2011;54;96957;;
"ARMANDO VERGÍLIO";"ARMANDO VERGILIO";"PSD";"GO";2321;2011;54;189071;;
"ARNALDO FARIA DE SÁ";"ARNALDO FARIA DE SA";"PTB";"SP";292;2011;54;96966;"true";
"ARNALDO JARDIM";"ARNALDO JARDIM";"PPS";"SP";1786;2011;54;162417;"true";
"ARNALDO JORDY";"ARNALDO JORDY";"PPS";"PA";2341;2011;54;189206;;
"ARNON BEZERRA";"ARNON BEZERRA";"PTB";"CE";1074;2011;54;97679;"true";
"AROLDE DE OLIVEIRA";"AROLDE DE OLIVEIRA";"PSD";"RJ";187;2011;54;98731;;"true"
"ARTHUR LIRA";"ARTHUR LIRA";"PP";"AL";2377;2011;54;189194;"true";
"ARTHUR OLIVEIRA MAIA";"ARTHUR OLIVEIRA MAIA";"PMDB";"BA";2225;2011;54;189196;"true";
"ARTUR BRUNO";"ARTUR BRUNO";"PT";"CE";2226;2011;54;189054;;
"ASDRUBAL BENTES";"ASDRUBAL BENTES";"PMDB";"PA";47;2011;54;99032;;
"ASSIS CARVALHO";"ASSIS CARVALHO";"PT";"PI";2338;2011;54;189111;;
"ASSIS DO COUTO";"ASSIS DO COUTO";"PT";"PR";1542;2011;54;107246;"true";
"ASSIS MELO";"ASSIS MELO";"PCdoB";"RS";2279;2011;54;189145;;
"ÁTILA LINS";"ATILA LINS";"PSD";"AM";583;2011;54;96997;;
"ÁTILA LIRA";"ATILA LIRA";"PSB";"PI";74;2011;54;99387;;
"AUDIFAX";"AUDIFAX";"PSB";"ES";2374;2011;54;189066;;"true"
"AUGUSTO CARVALHO";"AUGUSTO CARVALHO";"PPS";"DF";359;2011;54;101138;;
"AUGUSTO COUTINHO";"AUGUSTO COUTINHO";"DEM";"PE";2236;2011;54;189104;;
"AUREO";"AUREO";"PRTB";"RJ";2384;2011;54;189126;"true";"true"
"BENEDITA DA SILVA";"BENEDITA DA SILVA";"PT";"RJ";188;2011;54;103478;;"true"
"BENJAMIN MARANHÃO";"BENJAMIN MARANHAO";"PMDB";"PB";1545;2011;54;108984;"true";
"BERINHO BANTIM";"BERINHO BANTIM";"PSDB";"RR";2322;2011;54;189140;"true";
"BERNARDO SANTANA DE VASCONCELLOS";"BERNARDO SANTANA DE VASCONCELLOS";"PR";"MG";2312;2011;54;189080;"true";
"BETINHO ROSADO";"BETINHO ROSADO";"DEM";"RN";983;2011;54;97050;;
"BETO ALBUQUERQUE";"BETO ALBUQUERQUE";"PSB";"RS";1450;2011;54;99325;;
"BETO FARO";"BETO FARO";"PT";"PA";1768;2011;54;160690;"true";
"BETO MANSUR";"BETO MANSUR";"PP";"SP";775;2011;54;101174;;
"BIFFI";"ANTONIO CARLOS BIFFI";"PT";"MS";1539;2011;54;107859;;
"BILAC PINTO";"BILAC PINTO";"PR";"MG";1789;2011;54;160058;;
"BOHN GASS";"BOHN GASS";"PT";"RS";2405;2011;54;189217;;
"BONIFÁCIO DE ANDRADA";"BONIFACIO DE ANDRADA";"PSDB";"MG";191;2011;54;97038;;
"BRIZOLA NETO";"BRIZOLA NETO";"PDT";"RJ";1790;2011;54;161414;;
"BRUNA FURLAN";"BRUNA FURLAN";"PSDB";"SP";2266;2011;54;189164;;"true"
"BRUNO ARAÚJO";"BRUNO ARAUJO";"PSDB";"PE";1791;2011;54;160398;"true";
"CABO JULIANO RABELO";"CABO JULIANO RABELO";"PSB";"MT";2474;2011;54;193603;;
"CAMILO COLA";"CAMILO COLA";"PMDB";"ES";1794;2011;54;161478;;
"CÂNDIDO VACCAREZZA";"CANDIDO VACCAREZZA";"PT";"SP";1944;2011;54;159519;;
"CARLAILE PEDROSA";"CARLAILE PEDROSA";"PSDB";"MG";2297;2011;54;189081;"true";
"CARLINHOS ALMEIDA";"CARLINHOS ALMEIDA";"PT";"SP";2247;2011;54;189165;;
"CARLOS ALBERTO LERÉIA";"CARLOS ALBERTO LEREIA";"PSDB";"GO";1551;2011;54;107269;"true";
"CARLOS BEZERRA";"CARLOS BEZERRA";"PMDB";"MT";1962;2011;54;157253;"true";
"CARLOS BRANDÃO";"CARLOS BRANDAO";"PSDB";"MA";1796;2011;54;162190;"true";
"CARLOS EDUARDO CADOCA";"CARLOS EDUARDO CADOCA";"PSC";"PE";1325;2011;54;99246;;
"CARLOS MAGNO";"CARLOS MAGNO";"PP";"RO";2352;2011;54;189215;"true";
"CARLOS MELLES";"CARLOS MELLES";"DEM";"MG";985;2011;54;97058;;
"CARLOS ROBERTO";"CARLOS ROBERTO";"PSDB";"SP";2435;2011;54;193252;;
"CARLOS SAMPAIO";"CARLOS SAMPAIO";"PSDB";"SP";1552;2011;54;107930;;
"CARLOS SOUZA";"CARLOS SOUZA";"PSD";"AM";1553;2011;54;109188;;
"CARLOS ZARATTINI";"CARLOS ZARATTINI";"PT";"SP";1963;2011;54;161128;;
"CARMEN ZANOTTO";"CARMEN ZANOTTO";"PPS";"SC";2433;2011;54;193113;;
"CELIA ROCHA";"CELIA ROCHA";"PTB";"AL";2319;2011;54;189032;;
"CELSO MALDANER";"CELSO MALDANER";"PMDB";"SC";1798;2011;54;159678;"true";
"CESAR COLNAGO";"CESAR COLNAGO";"PSDB";"ES";2337;2011;54;189067;"true";
"CÉSAR HALUM";"CESAR HALUM";"PSD";"TO";2336;2011;54;189189;"true";
"CEZAR SILVESTRI";"CEZAR SILVESTRI";"PPS";"PR";1556;2011;54;109173;;
"CHICO ALENCAR";"CHICO ALENCAR";"PSOL";"RJ";1557;2011;54;109687;;
"CHICO D'ANGELO";"CHICO DANGELO";"PT";"RJ";1799;2011;54;160163;;
"CHICO DAS VERDURAS";"CHICO DAS VERDURAS";"PRP";"RR";2259;2011;54;189139;;
"CHICO LOPES";"CHICO LOPES";"PCdoB";"CE";1800;2011;54;161280;;
"CIDA BORGHETTI";"CIDA BORGHETTI";"PP";"PR";2237;2011;54;189210;"true";
"CLAUDIO CAJADO";"CLAUDIO CAJADO";"DEM";"BA";995;2011;54;97101;;
"CLÁUDIO PUTY";"CLAUDIO PUTY";"PT";"PA";2313;2011;54;189097;;
"CLEBER VERDE";"CLEBER VERDE";"PRB";"MA";1804;2011;54;161559;"true";"true"
"COSTA FERREIRA";"COSTA FERREIRA";"PSC";"MA";59;2011;54;98927;;
"CRISTIANO";"CRISTIANO";"PTdoB";"RJ";2394;2011;54;192662;;
"DALVA FIGUEIREDO";"DALVA FIGUEIREDO";"PT";"AP";1808;2011;54;160413;;
"DAMIÃO FELICIANO";"DAMIAO FELICIANO";"PDT";"PB";1318;2011;54;100168;"true";
"DANIEL ALMEIDA";"DANIEL ALMEIDA";"PCdoB";"BA";1562;2011;54;107302;;
"DANILO CABRAL";"DANILO CABRAL";"PSB";"PE";2402;2011;54;189105;;
"DANILO FORTE";"DANILO FORTE";"PMDB";"CE";2227;2011;54;189056;"true";
"DANRLEI DE DEUS HINTERHOLZ";"DANRLEI DE DEUS HINTERHOLZ";"PSD";"RS";2242;2011;54;189146;;
"DARCÍSIO PERONDI";"DARCISIO PERONDI";"PMDB";"RS";999;2011;54;97149;"true";
"DAVI ALCOLUMBRE";"DAVI ALCOLUMBRE";"DEM";"AP";1594;2011;54;107315;;
"DAVI ALVES SILVA JÚNIOR";"DAVI ALVES SILVA JUNIOR";"PR";"MA";1809;2011;54;161761;"true";"true"
"DÉCIO LIMA";"DECIO LIMA";"PT";"SC";1810;2011;54;160787;;
"DELEGADO PROTÓGENES";"DELEGADO PROTOGENES";"PCdoB";"SP";2362;2011;54;189181;;
"DELEGADO WALDIR";"DELEGADO WALDIR";"PSDB";"GO";2431;2011;54;193110;;
"DELEY";"DELEY";"PSC";"RJ";1569;2011;54;108805;;
"DEVANIR RIBEIRO";"DEVANIR RIBEIRO";"PT";"SP";1570;2011;54;108812;;
"DIEGO ANDRADE";"DIEGO ANDRADE";"PSD";"MG";2289;2011;54;189082;;
"DILCEU SPERAFICO";"DILCEU SPERAFICO";"PP";"PR";1001;2011;54;97160;"true";
"DIMAS FABIANO";"DIMAS FABIANO";"PP";"MG";2356;2011;54;189083;;
"DIMAS RAMALHO";"DIMAS RAMALHO";"PPS";"SP";1573;2011;54;110018;;
"DOMINGOS DUTRA";"DOMINGOS DUTRA";"PT";"MA";1003;2011;54;101286;;
"DOMINGOS NETO";"DOMINGOS NETO";"PSB";"CE";2329;2011;54;189055;;
"DOMINGOS SÁVIO";"DOMINGOS SAVIO";"PSDB";"MG";2235;2011;54;189200;"true";
"DR. ADILSON SOARES";"DR. ADILSON SOARES";"PR";"RJ";1812;2011;54;160011;;"true"
"DR. ALUIZIO";"DR. ALUIZIO";"PV";"RJ";2410;2011;54;189125;;
"DR. CARLOS ALBERTO";"DR. CARLOS ALBERTO";"PMN";"RJ";2420;2011;54;193039;;
"DR. GRILO";"DR. GRILO";"PSL";"MG";2234;2011;54;189204;;"true"
"DR. JORGE SILVA";"DR. JORGE SILVA";"PDT";"ES";2326;2011;54;189068;;
"DR. PAULO CÉSAR";"DR. PAULO CESAR";"PSD";"RJ";1982;2011;54;174598;;
"DR. ROSINHA";"DR. ROSINHA";"PT";"PR";1436;2011;54;100369;;
"DR. UBIALI";"DR. UBIALI";"PSB";"SP";1815;2011;54;160483;"true";
"DRA. ELAINE ABISSAMRA";"DRA.ELAINE ABISSAMRA";"PSB";"SP";2440;2011;54;193436;;
"DUARTE NOGUEIRA";"DUARTE NOGUEIRA";"PSDB";"SP";1816;2011;54;162132;"true";
"DUDIMAR PAXIUBA";"DUDIMAR PAXIUBA";"PSDB";"PA";2415;2011;54;193033;"true";
"EDINHO ARAÚJO";"EDINHO ARAUJO";"PMDB";"SP";1006;2011;54;97190;;"true"
"EDINHO BEZ";"EDINHO BEZ";"PMDB";"SC";1005;2011;54;97182;"true";
"EDIO LOPES";"EDIO LOPES";"PMDB";"RR";1818;2011;54;160167;"true";
"EDIVALDO HOLANDA JUNIOR";"EDIVALDO HOLANDA JUNIOR";"PTC";"MA";2304;2011;54;189074;;"true"
"EDMAR ARRUDA";"EDMAR ARRUDA";"PSC";"PR";2270;2011;54;189115;"true";"true"
"EDSON APARECIDO";"EDSON APARECIDO";"PSDB";"SP";1819;2011;54;161730;;
"EDSON EZEQUIEL";"EDSON EZEQUIEL";"PMDB";"RJ";1007;2011;54;102399;;
"EDSON PIMENTA";"EDSON PIMENTA";"PSD";"BA";2351;2011;54;189043;;
"EDSON SANTOS";"EDSON SANTOS";"PT";"RJ";1820;2011;54;161701;;
"EDSON SILVA";"EDSON SILVA";"PSB";"CE";615;2011;54;102630;;
"EDUARDO AZEREDO";"EDUARDO AZEREDO";"PSDB";"MG";2316;2011;54;189201;"true";
"EDUARDO BARBOSA";"EDUARDO BARBOSA";"PSDB";"MG";1010;2011;54;97219;"true";
"EDUARDO CUNHA";"EDUARDO CUNHA";"PMDB";"RJ";1620;2011;54;108043;;"true"
"EDUARDO DA FONTE";"EDUARDO DA FONTE";"PP";"PE";1822;2011;54;162412;;
"EDUARDO GOMES";"EDUARDO GOMES";"PSDB";"TO";1623;2011;54;108051;"true";
"EDUARDO SCIARRA";"EDUARDO SCIARRA";"PSD";"PR";1626;2011;54;109270;"true";
"EFRAIM FILHO";"EFRAIM FILHO";"DEM";"PB";1823;2011;54;162606;"true";
"ELCIONE BARBALHO";"ELCIONE BARBALHO";"PMDB";"PA";1011;2011;54;97234;;
"ELEUSES PAIVA";"ELEUSES PAIVA";"PSD";"SP";2008;2011;54;185815;"true";
"ELI CORREA FILHO";"ELI CORREA FILHO";"DEM";"SP";2250;2011;54;189162;"true";
"ELIANE ROLIM";"ELIANE ROLIM";"PT";"RJ";2423;2011;54;193045;;
"ELIENE LIMA";"ELIENE LIMA";"PSD";"MT";1824;2011;54;160423;;
"ELISEU PADILHA";"ELISEU PADILHA";"PMDB";"RS";1014;2011;54;101318;;
"EMANUEL FERNANDES";"EMANUEL FERNANDES";"PSDB";"SP";1232;2011;54;102711;;
"EMILIANO JOSÉ";"EMILIANO JOSE";"PT";"BA";2009;2011;54;185921;;
"ENIO BACCI";"ENIO BACCI";"PDT";"RS";1018;2011;54;98753;;
"ERIKA KOKAY";"ERIKA KOKAY";"PT";"DF";2403;2011;54;189061;;
"ERIVELTON SANTANA";"ERIVELTON SANTANA";"PSC";"BA";2387;2011;54;189044;;"true"
"EROS BIONDINI";"EROS BIONDINI";"PTB";"MG";2385;2011;54;189202;;
"ESPERIDIÃO AMIN";"ESPERIDIAO AMIN";"PP";"SC";2413;2011;54;123048;"true";
"EUDES XAVIER";"EUDES XAVIER";"PT";"CE";1827;2011;54;160538;;
"EVANDRO MILHOMEN";"EVANDRO MILHOMEN";"PCdoB";"AP";1276;2011;54;99191;;
"FÁBIO FARIA";"FABIO FARIA";"PSD";"RN";1829;2011;54;161114;"true";
"FÁBIO RAMALHO";"FABIO RAMALHO";"PV";"MG";1830;2011;54;161669;;
"FÁBIO SOUTO";"FABIO SOUTO";"DEM";"BA";1637;2011;54;108078;;
"FABIO TRAD";"FABIO TRAD";"PMDB";"MS";2272;2011;54;189092;"true";
"FÁTIMA BEZERRA";"FATIMA BEZERRA";"PT";"RN";1640;2011;54;107610;"true";
"FÁTIMA PELAES";"FATIMA PELAES";"PMDB";"AP";565;2011;54;97317;"true";"true"
"FELIPE BORNIER";"FELIPE BORNIER";"PSD";"RJ";1831;2011;54;160506;"true";
"FELIPE MAIA";"FELIPE MAIA";"DEM";"RN";1832;2011;54;160023;;
"FÉLIX MENDONÇA JÚNIOR";"FELIX MENDONCA JUNIOR";"PDT";"BA";2307;2011;54;189045;"true";
"FERNANDO COELHO FILHO";"FERNANDO COELHO FILHO";"PSB";"PE";1833;2011;54;159991;"true";
"FERNANDO FERRO";"FERNANDO FERRO";"PT";"PE";1029;2011;54;97338;;
"FERNANDO FRANCISCHINI";"FERNANDO FRANCISCHINI";"PSDB";"PR";2239;2011;54;189116;"true";"true"
"FERNANDO JORDÃO";"FERNANDO JORDAO";"PMDB";"RJ";2429;2011;54;193102;;
"FERNANDO MARRONI";"FERNANDO MARRONI";"PT";"RS";1453;2011;54;99300;;
"FERNANDO TORRES";"FERNANDO TORRES";"PSD";"BA";2328;2011;54;189046;;
"FILIPE PEREIRA";"FILIPE PEREIRA";"PSC";"RJ";1835;2011;54;162177;;"true"
"FLÁVIA MORAIS";"FLAVIA MORAIS";"PDT";"GO";2229;2011;54;189199;;
"FLAVIANO MELO";"FLAVIANO MELO";"PMDB";"AC";1836;2011;54;162079;"true";
"FRANCISCO ARAÚJO";"FRANCISCO ARAUJO";"PSD";"RR";2436;2011;54;193282;;
"FRANCISCO ESCÓRCIO";"FRANCISCO ESCORCIO";"PMDB";"MA";1762;2011;54;152504;;
"FRANCISCO FLORIANO";"FRANCISCO FLORIANO";"PR";"RJ";2267;2011;54;189127;;"true"
"FRANCISCO PRACIANO";"FRANCISCO PRACIANO";"PT";"AM";1913;2011;54;161076;;
"GABRIEL CHALITA";"GABRIEL CHALITA";"PMDB";"SP";2358;2011;54;189166;;
"GABRIEL GUIMARÃES";"GABRIEL GUIMARAES";"PT";"MG";2232;2011;54;189084;;
"GASTÃO VIEIRA";"GASTAO VIEIRA";"PMDB";"MA";1036;2011;54;97396;;
"GEAN LOUREIRO";"GEAN LOUREIRO";"PMDB";"SC";2434;2011;54;193239;;
"GENECIAS NORONHA";"GENECIAS NORONHA";"PMDB";"CE";2311;2011;54;189057;"true";
"GEORGE HILTON";"GEORGE HILTON";"PRB";"MG";1841;2011;54;160036;;"true"
"GERA ARRUDA";"GERA ARRUDA";"PMDB";"CE";2480;2011;54;193794;;
"GERALDO RESENDE";"GERALDO RESENDE";"PMDB";"MS";1649;2011;54;108106;"true";
"GERALDO SIMÕES";"GERALDO SIMOES";"PT";"BA";1340;2011;54;99444;"true";
"GERALDO THADEU";"GERALDO THADEU";"PSD";"MG";1650;2011;54;108111;;
"GIACOBO";"GIACOBO";"PR";"PR";1651;2011;54;107358;"true";
"GILMAR MACHADO";"GILMAR MACHADO";"PT";"MG";1352;2011;54;99850;;"true"
"GIOVANI CHERINI";"GIOVANI CHERINI";"PDT";"RS";2281;2011;54;189148;"true";
"GIOVANNI QUEIROZ";"GIOVANNI QUEIROZ";"PDT";"PA";572;2011;54;97438;"true";
"GIROTO";"GIROTO";"PMDB";"MS";2368;2011;54;189091;"true";
"GIVALDO CARIMBÃO";"GIVALDO CARIMBAO";"PSB";"AL";1332;2011;54;100086;"true";
"GLADSON CAMELI";"GLADSON CAMELI";"PP";"AC";1845;2011;54;160158;"true";
"GLAUBER BRAGA";"GLAUBER BRAGA";"PSB";"RJ";2001;2011;54;184246;;
"GONZAGA PATRIOTA";"GONZAGA PATRIOTA";"PSB";"PE";137;2011;54;97445;"true";
"GORETE PEREIRA";"GORETE PEREIRA";"PR";"CE";1737;2011;54;119138;;
"GUILHERME CAMPOS";"GUILHERME CAMPOS";"PSD";"SP";1846;2011;54;161406;"true";
"GUILHERME MUSSI";"GUILHERME MUSSI";"PSD";"SP";2252;2011;54;189167;;
"HELENO SILVA";"HELENO SILVA";"PRB";"SE";1654;2011;54;108553;;"true"
"HÉLIO SANTOS";"HELIO SANTOS";"PSD";"MA";2397;2011;54;189075;"true";
"HENRIQUE AFONSO";"HENRIQUE AFONSO";"PV";"AC";1656;2011;54;108125;;"true"
"HENRIQUE EDUARDO ALVES";"HENRIQUE EDUARDO ALVES";"PMDB";"RN";84;2011;54;97455;;
"HENRIQUE FONTANA";"HENRIQUE FONTANA";"PT";"RS";1454;2011;54;99306;"true";
"HENRIQUE OLIVEIRA";"HENRIQUE OLIVEIRA";"PR";"AM";2263;2011;54;189036;;
"HERMES PARCIANELLO";"HERMES PARCIANELLO";"PMDB";"PR";1042;2011;54;97475;"true";
"HEULER CRUVINEL";"HEULER CRUVINEL";"PSD";"GO";2255;2011;54;189072;"true";
"HOMERO PEREIRA";"HOMERO PEREIRA";"PSD";"MT";1847;2011;54;160091;"true";
"HUGO LEAL";"HUGO LEAL";"PSC";"RJ";1848;2011;54;160804;"true";
"HUGO MOTTA";"HUGO MOTTA";"PMDB";"PB";2271;2011;54;189099;;
"HUGO NAPOLEÃO";"HUGO NAPOLEAO";"PSD";"PI";2414;2011;54;122933;;
"INOCÊNCIO OLIVEIRA";"INOCENCIO OLIVEIRA";"PR";"PE";107;2011;54;97513;;
"IRACEMA PORTELLA";"IRACEMA PORTELLA";"PP";"PI";2320;2011;54;189112;;
"IRAJÁ ABREU";"IRAJA ABREU";"PSD";"TO";2396;2011;54;189190;"true";
"IRINY LOPES";"IRINY LOPES";"PT";"ES";1661;2011;54;108163;;
"ÍRIS DE ARAÚJO";"IRIS DE ARAUJO";"PMDB";"GO";1851;2011;54;159833;;"true"
"IVAN VALENTE";"IVAN VALENTE";"PSOL";"SP";1049;2011;54;97521;;
"IZALCI";"IZALCI";"PR";"DF";1974;2011;54;167686;"true";
"JAIME MARTINS";"JAIME MARTINS";"PR";"MG";1050;2011;54;97527;"true";
"JAIR BOLSONARO";"JAIR BOLSONARO";"PP";"RJ";731;2011;54;96839;;
"JAIRO ATAÍDE";"JAIRO ATAIDE";"DEM";"MG";1969;2011;54;165915;"true";
"JANDIRA FEGHALI";"JANDIRA FEGHALI";"PCdoB";"RJ";733;2011;54;98758;;
"JANETE CAPIBERIBE";"JANETE CAPIBERIBE";"PSB";"AP";1668;2011;54;108194;;
"JANETE ROCHA PIETÁ";"JANETE ROCHA PIETA";"PT";"SP";1852;2011;54;160309;;
"JÂNIO NATAL";"JANIO NATAL";"PRP";"BA";2411;2011;54;189047;;
"JAQUELINE RORIZ";"JAQUELINE RORIZ";"PMN";"DF";2382;2011;54;189062;"true";
"JEAN WYLLYS";"JEAN WYLLYS";"PSOL";"RJ";2278;2011;54;189128;;
"JEFFERSON CAMPOS";"JEFFERSON CAMPOS";"PSD";"SP";1669;2011;54;107444;;"true"
"JERÔNIMO GOERGEN";"JERONIMO GOERGEN";"PP";"RS";2340;2011;54;189149;"true";
"JESUS RODRIGUES";"JESUS RODRIGUES";"PT";"PI";2380;2011;54;189113;"true";
"JHONATAN DE JESUS";"JHONATAN DE JESUS";"PRB";"RR";2333;2011;54;189216;;"true"
"JILMAR TATTO";"JILMAR TATTO";"PT";"SP";1853;2011;54;161734;;
"JÔ MORAES";"JO MORAES";"PCdoB";"MG";1854;2011;54;161208;;
"JOÃO ANANIAS";"JOAO ANANIAS";"PCdoB";"CE";2381;2011;54;189058;;
"JOÃO ARRUDA";"JOAO ARRUDA";"PMDB";"PR";2363;2011;54;189117;;
"JOÃO BITTAR";"JOAO BITTAR";"DEM";"MG";1855;2011;54;160074;;
"JOÃO CAMPOS";"JOAO CAMPOS";"PSDB";"GO";1671;2011;54;108210;;"true"
"JOÃO CARLOS BACELAR";"JOAO CARLOS BACELAR";"PR";"BA";1856;2011;54;162389;;
"JOÃO DADO";"JOAO DADO";"PDT";"SP";1503;2011;54;100875;;
"JOÃO LEÃO";"JOAO LEAO";"PP";"BA";1063;2011;54;98687;;
"JOÃO LYRA";"JOAO LYRA";"PSD";"AL";1674;2011;54;107464;;
"JOÃO MAGALHÃES";"JOAO MAGALHAES";"PMDB";"MG";1233;2011;54;99005;"true";
"JOÃO MAIA";"JOAO MAIA";"PR";"RN";1857;2011;54;162428;"true";
"JOÃO PAULO CUNHA";"JOAO PAULO CUNHA";"PT";"SP";1065;2011;54;97639;;
"JOÃO PAULO LIMA";"JOAO PAULO LIMA";"PT";"PE";2392;2011;54;189107;;
"JOÃO PIZZOLATTI";"JOAO PIZZOLATTI";"PP";"SC";1056;2011;54;97573;;
"JOÃO RODRIGUES";"JOAO RODRIGUES";"PSD";"SC";2315;2011;54;189152;"true";
"JOAQUIM BELTRÃO";"JOAQUIM BELTRAO";"PMDB";"AL";1859;2011;54;160286;"true";
"JONAS DONIZETTE";"JONAS DONIZETTE";"PSB";"SP";2251;2011;54;189169;"true";
"JORGE BITTAR";"JORGE BITTAR";"PT";"RJ";1381;2011;54;99563;;
"JORGE BOEIRA";"JORGE BOEIRA";"PSD";"SC";1563;2011;54;108967;"true";
"JORGE CORTE REAL";"JORGE CORTE REAL";"PTB";"PE";2256;2011;54;189108;;
"JORGE PINHEIRO";"JORGE PINHEIRO";"PRB";"GO";1470;2011;54;100606;;"true"
"JORGE TADEU MUDALEN";"JORGE TADEU MUDALEN";"DEM";"SP";763;2011;54;97664;;"true"
"JORGINHO MELLO";"JORGINHO MELLO";"PSDB";"SC";2391;2011;54;189153;"true";
"JOSÉ AIRTON";"JOSE AIRTON";"PT";"CE";1860;2011;54;160448;;
"JOSÉ ANÍBAL";"JOSE ANIBAL";"PSDB";"SP";898;2011;54;97672;;
"JOSÉ AUGUSTO MAIA";"JOSE AUGUSTO MAIA";"PTB";"PE";2314;2011;54;192580;;
"JOSÉ CARLOS ARAÚJO";"JOSE CARLOS ARAUJO";"PSD";"BA";1564;2011;54;107486;"true";
"JOSÉ CHAVES";"JOSE CHAVES";"PTB";"PE";1091;2011;54;97718;"true";
"JOSÉ DE FILIPPI";"JOSE DE FILIPPI";"PT";"SP";2364;2011;54;189171;;
"JOSÉ GUIMARÃES";"JOSE GUIMARAES";"PT";"CE";1861;2011;54;161652;;
"JOSÉ HUMBERTO";"JOSE HUMBERTO";"PHS";"MG";2029;2011;54;189085;"true";
"JOSÉ LINHARES";"JOSE LINHARES";"PP";"CE";620;2011;54;97752;;
"JOSÉ MENTOR";"JOSE MENTOR";"PT";"SP";1567;2011;54;108256;;
"JOSÉ NUNES";"JOSE NUNES";"PSD";"BA";2348;2011;54;189049;"true";
"JOSÉ OTÁVIO GERMANO";"JOSE OTAVIO GERMANO";"PP";"RS";1568;2011;54;108263;"true";
"JOSÉ PRIANTE";"JOSE PRIANTE";"PMDB";"PA";1077;2011;54;97695;;
"JOSÉ ROCHA";"JOSE ROCHA";"PR";"BA";1071;2011;54;97807;"true";
"JOSE STÉDILE";"JOSE STEDILE";"PSB";"RS";2345;2011;54;189150;;
"JOSEPH BANDEIRA";"JOSEPH BANDEIRA";"PT";"BA";1970;2011;54;166102;;
"JOSIAS GOMES";"JOSIAS GOMES";"PT";"BA";1571;2011;54;107559;"true";
"JOSUÉ BENGTSON";"JOSUE BENGTSON";"PTB";"PA";1281;2011;54;100037;"true";"true"
"JOVAIR ARANTES";"JOVAIR ARANTES";"PTB";"GO";1096;2011;54;97841;;
"JÚLIO CAMPOS";"JULIO CAMPOS";"DEM";"MT";369;2011;54;106466;;
"JÚLIO CESAR";"JULIO CESAR";"PSD";"PI";1097;2011;54;101708;"true";
"JÚLIO DELGADO";"JULIO DELGADO";"PSB";"MG";1480;2011;54;100717;"true";
"JULIO LOPES";"JULIO LOPES";"PP";"RJ";1576;2011;54;108319;;
"JULIO SEMEGHINI";"JULIO SEMEGHINI";"PSDB";"SP";1401;2011;54;100268;;
"JÚNIOR COIMBRA";"JUNIOR COIMBRA";"PMDB";"TO";2318;2011;54;189193;"true";
"JUNJI ABE";"JUNJI ABE";"PSD";"SP";2332;2011;54;189174;"true";
"JUTAHY JUNIOR";"JUTAHY JUNIOR";"PSDB";"BA";198;2011;54;99469;;
"KEIKO OTA";"KEIKO OTA";"PSB";"SP";2261;2011;54;189168;;
"LAEL VARELLA";"LAEL VARELLA";"DEM";"MG";257;2011;54;97847;;
"LAERCIO OLIVEIRA";"LAERCIO OLIVEIRA";"PR";"SE";1991;2011;54;181053;"true";"true"
"LAUREZ MOREIRA";"LAUREZ MOREIRA";"PSB";"TO";1868;2011;54;162142;"true";
"LAURIETE";"LAURIETE";"PSC";"ES";2355;2011;54;189069;;"true"
"LÁZARO BOTELHO";"LAZARO BOTELHO";"PP";"TO";1869;2011;54;160353;"true";
"LEANDRO VILELA";"LEANDRO VILELA";"PMDB";"GO";1579;2011;54;107576;"true";
"LELO COIMBRA";"LELO COIMBRA";"PMDB";"ES";1871;2011;54;160660;"true";
"LEONARDO GADELHA";"LEONARDO GADELHA";"PSC";"PB";2476;2011;54;193613;;
"LEONARDO MONTEIRO";"LEONARDO MONTEIRO";"PT";"MG";1582;2011;54;107537;;
"LEONARDO PICCIANI";"LEONARDO PICCIANI";"PMDB";"RJ";1583;2011;54;108345;"true";
"LEONARDO QUINTÃO";"LEONARDO QUINTAO";"PMDB";"MG";1873;2011;54;161389;"true";"true"
"LEONARDO VILELA";"LEONARDO VILELA";"PSDB";"GO";1584;2011;54;108340;;
"LEOPOLDO MEYER";"LEOPOLDO MEYER";"PSB";"PR";2299;2011;54;189119;"true";
"LILIAM SÁ";"LILIAM SA";"PSD";"RJ";2292;2011;54;189130;;"true"
"LINCOLN PORTELA";"LINCOLN PORTELA";"PR";"MG";1355;2011;54;99879;"true";"true"
"LINDOMAR GARÇON";"LINDOMAR GARCON";"PV";"RO";1874;2011;54;160561;"true";"true"
"LIRA MAIA";"LIRA MAIA";"DEM";"PA";1875;2011;54;161508;"true";
"LOURIVAL MENDES";"LOURIVAL MENDES";"PTdoB";"MA";2260;2011;54;189077;"true";"true"
"LUCI CHOINACKI";"LUCI CHOINACKI";"PT";"SC";841;2011;54;99986;;
"LUCIANA SANTOS";"LUCIANA SANTOS";"PCdoB";"PE";2376;2011;54;189109;;
"LUCIANO CASTRO";"LUCIANO CASTRO";"PR";"RR";894;2011;54;97869;;
"LUCIANO MOREIRA";"LUCIANO MOREIRA";"PMDB";"MA";2378;2011;54;189078;;
"LÚCIO VALE";"LUCIO VALE";"PR";"PA";1877;2011;54;160013;;
"LUCIO VIEIRA LIMA";"LUCIO VIEIRA LIMA";"PMDB";"BA";2367;2011;54;189050;;
"LUIS CARLOS HEINZE";"LUIS CARLOS HEINZE";"PP";"RS";1455;2011;54;99312;"true";
"LUIS TIBÉ";"LUIS TIBE";"PTdoB";"MG";2412;2011;54;189087;;
"LUIZ ALBERTO";"LUIZ ALBERTO";"PT";"BA";1242;2011;54;99054;;
"LUIZ ARGÔLO";"LUIZ ARGOLO";"PP";"BA";2357;2011;54;189048;"true";
"LUIZ CARLOS";"LUIZ CARLOS";"PSDB";"AP";2302;2011;54;189037;;
"LUIZ CARLOS BUSATO";"LUIZ CARLOS BUSATO";"PTB";"RS";1793;2011;54;160150;;
"LUIZ CARLOS HAULY";"LUIZ CARLOS HAULY";"PSDB";"PR";824;2011;54;97911;;
"LUIZ CARLOS SETIM";"LUIZ CARLOS SETIM";"DEM";"PR";1878;2011;54;159696;"true";
"LUIZ COUTO";"LUIZ COUTO";"PT";"PB";1590;2011;54;109000;;
"LUIZ FERNANDO FARIA";"LUIZ FERNANDO FARIA";"PP";"MG";1879;2011;54;162149;"true";
"LUIZ FERNANDO MACHADO";"LUIZ FERNANDO MACHADO";"PSDB";"SP";2342;2011;54;189175;;
"LUIZ NISHIMORI";"LUIZ NISHIMORI";"PSDB";"PR";2424;2011;54;193051;"true";
"LUIZ NOÉ";"LUIZ NOE";"PSB";"RS";2421;2011;54;193041;"true";
"LUIZ OTAVIO";"LUIZ OTAVIO";"PMDB";"PA";2418;2011;54;193038;"true";
"LUIZ PITIMAN";"LUIZ PITIMAN";"PMDB";"DF";2269;2011;54;189063;;
"LUIZ SÉRGIO";"LUIZ SERGIO";"PT";"RJ";1383;2011;54;99589;;
"LUIZA ERUNDINA";"LUIZA ERUNDINA";"PSB";"SP";1402;2011;54;100449;;
"MAGDA MOFATTO";"MAGDA MOFATTO";"PTB";"GO";2437;2011;54;193415;;
"MAGELA";"MAGELA";"PT";"DF";1420;2011;54;100196;;
"MANATO";"MANATO";"PDT";"ES";1593;2011;54;107284;"true";"true"
"MANDETTA";"MANDETTA";"DEM";"MS";2389;2011;54;189093;"true";
"MANOEL JUNIOR";"MANOEL JUNIOR";"PMDB";"PB";1881;2011;54;162803;"true";
"MANOEL SALVIANO";"MANOEL SALVIANO";"PSD";"CE";1309;2011;54;99672;;
"MANUELA D'ÁVILA";"MANUELA DAVILA";"PCdoB";"RS";1882;2011;54;161388;;
"MARA GABRILLI";"MARA GABRILLI";"PSDB";"SP";2399;2011;54;189220;;
"MARÇAL FILHO";"MARCAL FILHO";"PMDB";"MS";1237;2011;54;99018;"true";
"MARCELO AGUIAR";"MARCELO AGUIAR";"PSD";"SP";2346;2011;54;189176;;"true"
"MARCELO CASTRO";"MARCELO CASTRO";"PMDB";"PI";1311;2011;54;99394;"true";
"MARCELO MATOS";"MARCELO MATOS";"PDT";"RJ";2274;2011;54;189212;;
"MARCIO BITTAR";"MARCIO BITTAR";"PSDB";"AC";1293;2011;54;99703;"true";
"MÁRCIO FRANÇA";"MARCIO FRANCA";"PSB";"SP";1886;2011;54;162349;;
"MÁRCIO MACÊDO";"MARCIO MACEDO";"PT";"SE";2310;2011;54;189161;;
"MÁRCIO MARINHO";"MARCIO MARINHO";"PRB";"BA";1987;2011;54;179924;"true";"true"
"MÁRCIO REINALDO MOREIRA";"MARCIO REINALDO MOREIRA";"PP";"MG";1112;2011;54;97972;"true";
"MARCO MAIA";"MARCO MAIA";"PT";"RS";1742;2011;54;139354;;
"MARCO TEBALDI";"MARCO TEBALDI";"PSDB";"SC";2245;2011;54;189154;;
"MARCON";"MARCON";"PT";"RS";2241;2011;54;189147;;
"MARCOS MEDRADO";"MARCOS MEDRADO";"PDT";"BA";683;2011;54;101807;;
"MARCOS MONTES";"MARCOS MONTES";"PSD";"MG";1889;2011;54;161213;"true";
"MARCOS ROGÉRIO";"MARCOS ROGERIO";"PDT";"RO";2473;2011;54;193540;;
"MARCUS PESTANA";"MARCUS PESTANA";"PSDB";"MG";2390;2011;54;189088;;
"MARIA DO ROSÁRIO";"MARIA DO ROSARIO";"PT";"RS";1605;2011;54;107613;;
"MARINA SANTANNA";"MARINA SANTANNA";"PT";"GO";2432;2011;54;193117;;
"MARINHA RAUPP";"MARINHA RAUPP";"PMDB";"RO";1119;2011;54;98000;"true";
"MÁRIO DE OLIVEIRA";"MARIO DE OLIVEIRA";"PSC";"MG";303;2011;54;98007;"true";"true"
"MÁRIO FEITOZA";"MARIO FEITOZA";"PMDB";"CE";2478;2011;54;530829;;
"MÁRIO NEGROMONTE";"MARIO NEGROMONTE";"PP";"BA";1126;2011;54;98693;;
"MARLLOS SAMPAIO";"MARLLOS SAMPAIO";"PMDB";"PI";2325;2011;54;189209;;
"MAURÍCIO DZIEDRICKI";"MAURICIO DZIEDRICKI";"PTB";"RS";2425;2011;54;193053;;
"MAURÍCIO QUINTELLA LESSA";"MAURICIO QUINTELLA LESSA";"PR";"AL";1610;2011;54;107639;"true";
"MAURÍCIO RANDS";"MAURICIO RANDS";"PT";"PE";1612;2011;54;108939;;
"MAURÍCIO TRINDADE";"MAURICIO TRINDADE";"PR";"BA";1891;2011;54;160809;"true";
"MAURO BENEVIDES";"MAURO BENEVIDES";"PMDB";"CE";1488;2011;54;100728;;
"MAURO LOPES";"MAURO LOPES";"PMDB";"MG";1125;2011;54;98021;"true";
"MAURO MARIANI";"MAURO MARIANI";"PMDB";"SC";1892;2011;54;160912;;
"MAURO NAZIF";"MAURO NAZIF";"PSB";"RO";1893;2011;54;163139;;
"MENDES RIBEIRO FILHO";"MENDES RIBEIRO FILHO";"PMDB";"RS";1066;2011;54;98041;;
"MENDONÇA FILHO";"MENDONCA FILHO";"DEM";"PE";1087;2011;54;101887;;
"MENDONÇA PRADO";"MENDONCA PRADO";"DEM";"SE";1615;2011;54;109155;"true";
"MIGUEL CORRÊA";"MIGUEL CORREA";"PT";"MG";1894;2011;54;160826;;
"MILTON MONTI";"MILTON MONTI";"PR";"SP";1405;2011;54;100402;;
"MIRIQUINHO BATISTA";"MIRIQUINHO BATISTA";"PT";"PA";2360;2011;54;189207;;
"MIRO TEIXEIRA";"MIRO TEIXEIRA";"PDT";"RJ";230;2011;54;98717;;
"MISSIONÁRIO JOSÉ OLIMPIO";"MISSIONARIO JOSE OLIMPIO";"PP";"SP";2388;2011;54;189173;;"true"
"MOACIR MICHELETTO";"MOACIR MICHELETTO";"PMDB";"PR";900;2011;54;99113;;
"MOREIRA MENDES";"MOREIRA MENDES";"PSD";"RO";1896;2011;54;161177;"true";
"NARCIO RODRIGUES";"NARCIO RODRIGUES";"PSDB";"MG";1224;2011;54;98973;;
"NATAN DONADON";"NATAN DONADON";"PMDB";"RO";1740;2011;54;139356;;"true"
"NAZARENO FONTELES";"NAZARENO FONTELES";"PT";"PI";1729;2011;54;114481;"true";
"NEILTON MULIM";"NEILTON MULIM";"PR";"RJ";1897;2011;54;162353;;"true"
"NELSON BORNIER";"NELSON BORNIER";"PMDB";"RJ";739;2011;54;102344;;
"NELSON MARCHEZAN JUNIOR";"NELSON MARCHEZAN JUNIOR";"PSDB";"RS";2409;2011;54;107138;"true";
"NELSON MARQUEZELLI";"NELSON MARQUEZELLI";"PTB";"SP";773;2011;54;98076;"true";
"NELSON MEURER";"NELSON MEURER";"PP";"PR";1133;2011;54;98083;;
"NELSON PADOVANI";"NELSON PADOVANI";"PSC";"PR";2327;2011;54;189120;"true";
"NELSON PELLEGRINO";"NELSON PELLEGRINO";"PT";"BA";1344;2011;54;99475;;
"NERI GELLER";"NERI GELLER";"PP";"MT";1977;2011;54;170986;"true";
"NEWTON CARDOSO";"NEWTON CARDOSO";"PMDB";"MG";1135;2011;54;101948;;
"NEWTON LIMA";"NEWTON LIMA";"PT";"SP";2268;2011;54;189178;;
"NICE LOBÃO";"NICE LOBAO";"PSD";"MA";1301;2011;54;99169;;
"NILDA GONDIM";"NILDA GONDIM";"PMDB";"PB";2308;2011;54;189100;;
"NILSON LEITÃO";"NILSON LEITAO";"PSDB";"MT";2438;2011;54;193416;;
"NILSON PINTO";"NILSON PINTO";"PSDB";"PA";1282;2011;54;100046;;
"NILTON CAPIXABA";"NILTON CAPIXABA";"PTB";"RO";1289;2011;54;99816;"true";"true"
"ODAIR CUNHA";"ODAIR CUNHA";"PT";"MG";1625;2011;54;108516;;
"ODÍLIO BALBINOTTI";"ODILIO BALBINOTTI";"PMDB";"PR";1138;2011;54;98150;;
"ONOFRE SANTO AGOSTINI";"ONOFRE SANTO AGOSTINI";"PSD";"SC";2334;2011;54;189155;"true";
"ONYX LORENZONI";"ONYX LORENZONI";"DEM";"RS";1627;2011;54;108519;"true";"true"
"OSMAR JÚNIOR";"OSMAR JUNIOR";"PCdoB";"PI";1900;2011;54;159994;;
"OSMAR SERRAGLIO";"OSMAR SERRAGLIO";"PMDB";"PR";1439;2011;54;100355;"true";
"OSMAR TERRA";"OSMAR TERRA";"PMDB";"RS";1514;2011;54;100963;"true";
"OTAVIO LEITE";"OTAVIO LEITE";"PSDB";"RJ";1901;2011;54;162837;;
"OTONIEL LIMA";"OTONIEL LIMA";"PRB";"SP";2330;2011;54;189179;;"true"
"OZIEL OLIVEIRA";"OZIEL OLIVEIRA";"PDT";"BA";2262;2011;54;189051;"true";"true"
"PADRE JOÃO";"PADRE JOAO";"PT";"MG";2305;2011;54;189203;;
"PADRE TON";"PADRE TON";"PT";"RO";2372;2011;54;189138;;
"PAES LANDIM";"PAES LANDIM";"PTB";"PI";80;2011;54;98199;;
"PASTOR EURICO";"PASTOR EURICO";"PSB";"PE";2264;2011;54;189106;"true";"true"
"PASTOR MARCO FELICIANO";"PASTOR MARCO FELICIANO";"PSC";"SP";2248;2011;54;189177;;"true"
"PAUDERNEY AVELINO";"PAUDERNEY AVELINO";"DEM";"AM";586;2011;54;98202;;
"PAULO ABI-ACKEL";"PAULO ABI-ACKEL";"PSDB";"MG";1904;2011;54;160255;"true";
"PAULO BORNHAUSEN";"PAULO BORNHAUSEN";"PSD";"SC";1146;2011;54;102028;;
"PAULO CESAR QUARTIERO";"PAULO CESAR QUARTIERO";"DEM";"RR";2359;2011;54;189141;"true";
"PAULO FEIJÓ";"PAULO FEIJO";"PR";"RJ";1216;2011;54;98914;;
"PAULO FERREIRA";"PAULO FERREIRA";"PT";"RS";2479;2011;54;193760;;
"PAULO FOLETTO";"PAULO FOLETTO";"PSB";"ES";2317;2011;54;189070;;
"PAULO FREIRE";"PAULO FREIRE";"PR";"SP";2301;2011;54;189180;;"true"
"PAULO MAGALHÃES";"PAULO MAGALHAES";"PSD";"BA";1347;2011;54;99484;"true";
"PAULO MALUF";"PAULO MALUF";"PP";"SP";1906;2011;54;123284;;
"PAULO PEREIRA DA SILVA";"PAULO PEREIRA DA SILVA";"PDT";"SP";1903;2011;54;161198;;
"PAULO PIAU";"PAULO PIAU";"PMDB";"MG";1907;2011;54;161685;"true";
"PAULO PIMENTA";"PAULO PIMENTA";"PT";"RS";1642;2011;54;109223;"true";
"PAULO RUBEM SANTIAGO";"PAULO RUBEM SANTIAGO";"PDT";"PE";1643;2011;54;107673;;
"PAULO TADEU";"PAULO TADEU";"PT";"DF";2228;2011;54;189064;;
"PAULO TEIXEIRA";"PAULO TEIXEIRA";"PT";"SP";1910;2011;54;162855;;
"PAULO WAGNER";"PAULO WAGNER";"PV";"RN";2257;2011;54;189136;;
"PEDRO CHAVES";"PEDRO CHAVES";"PMDB";"GO";1429;2011;54;99799;"true";
"PEDRO EUGÊNIO";"PEDRO EUGENIO";"PT";"PE";1331;2011;54;99281;"true";
"PEDRO FERNANDES";"PEDRO FERNANDES";"PTB";"MA";1302;2011;54;99154;;
"PEDRO HENRY";"PEDRO HENRY";"PP";"MT";1227;2011;54;98991;;
"PEDRO NOVAIS";"PEDRO NOVAIS";"PMDB";"MA";611;2011;54;98277;;
"PEDRO PAULO";"PEDRO PAULO";"PMDB";"RJ";2386;2011;54;189131;;
"PEDRO UCZAI";"PEDRO UCZAI";"PT";"SC";2243;2011;54;189156;;
"PENNA";"PENNA";"PV";"SP";2375;2011;54;189172;;
"PEPE VARGAS";"PEPE VARGAS";"PT";"RS";1911;2011;54;160573;;
"PERPÉTUA ALMEIDA";"PERPETUA ALMEIDA";"PCdoB";"AC";1645;2011;54;107749;;
"PINTO ITAMARATY";"PINTO ITAMARATY";"PSDB";"MA";1912;2011;54;160589;;
"POLICARPO";"POLICARPO";"PT";"DF";2422;2011;54;193057;;
"PROFESSOR SETIMO";"PROFESSOR SETIMO";"PMDB";"MA";1916;2011;54;161604;"true";
"PROFESSORA DORINHA SEABRA REZENDE";"PROFESSORA DORINHA SEABRA REZENDE";"DEM";"TO";2300;2011;54;189192;"true";
"PROFESSORA MARCIVANIA";"PROFESSORA MARCIVANIA";"PT";"AP";2339;2011;54;189038;;
"RAIMUNDÃO";"RAIMUNDAO";"PMDB";"CE";2293;2011;54;189060;"true";
"RAIMUNDO GOMES DE MATOS";"RAIMUNDO GOMES DE MATOS";"PSDB";"CE";1244;2011;54;99068;"true";
"RATINHO JUNIOR";"RATINHO JUNIOR";"PSC";"PR";1917;2011;54;162418;;
"RAUL HENRY";"RAUL HENRY";"PMDB";"PE";1918;2011;54;161594;;
"RAUL LIMA";"RAUL LIMA";"PSD";"RR";2400;2011;54;189142;;
"REBECCA GARCIA";"REBECCA GARCIA";"PP";"AM";1919;2011;54;159999;;
"REGINALDO LOPES";"REGINALDO LOPES";"PT";"MG";1677;2011;54;108609;;
"REGUFFE";"REGUFFE";"PDT";"DF";2284;2011;54;189198;;
"REINALDO AZAMBUJA";"REINALDO AZAMBUJA";"PSDB";"MS";2290;2011;54;189094;"true";
"REINHOLD STEPHANES";"REINHOLD STEPHANES";"PSD";"PR";830;2011;54;102091;"true";
"RENAN FILHO";"RENAN FILHO";"PMDB";"AL";2401;2011;54;189033;;
"RENATO MOLLING";"RENATO MOLLING";"PP";"RS";1922;2011;54;160838;"true";
"RENZO BRAZ";"RENZO BRAZ";"PP";"MG";2230;2011;54;189089;"true";
"RIBAMAR ALVES";"RIBAMAR ALVES";"PSB";"MA";1597;2011;54;110286;"true";
"RICARDO BERZOINI";"RICARDO BERZOINI";"PT";"SP";1411;2011;54;100307;;
"RICARDO IZAR";"RICARDO IZAR";"PSD";"SP";2253;2011;54;189182;;
"RICARDO QUIRINO";"RICARDO QUIRINO";"PRB";"DF";1988;2011;54;180306;;"true"
"RICARDO TRIPOLI";"RICARDO TRIPOLI";"PSDB";"SP";1923;2011;54;162729;;
"ROBERTO BALESTRA";"ROBERTO BALESTRA";"PP";"GO";356;2011;54;98345;"true";
"ROBERTO BRITTO";"ROBERTO BRITTO";"PP";"BA";1924;2011;54;160376;"true";
"ROBERTO DE LUCENA";"ROBERTO DE LUCENA";"PV";"SP";2282;2011;54;189183;;"true"
"ROBERTO DORNER";"ROBERTO DORNER";"PSD";"MT";2416;2011;54;193031;"true";
"ROBERTO FREIRE";"ROBERTO FREIRE";"PPS";"SP";116;2011;54;103164;;
"ROBERTO SANTIAGO";"ROBERTO SANTIAGO";"PSD";"SP";1925;2011;54;160002;;
"ROBERTO TEIXEIRA";"ROBERTO TEIXEIRA";"PP";"PE";2298;2011;54;189110;"true";
"RODRIGO BETHLEM";"RODRIGO BETHLEM";"PMDB";"RJ";2002;2011;54;184344;;
"RODRIGO DE CASTRO";"RODRIGO DE CASTRO";"PSDB";"MG";1928;2011;54;160579;;
"RODRIGO GARCIA";"RODRIGO GARCIA";"DEM";"SP";2249;2011;54;189184;"true";
"RODRIGO MAIA";"RODRIGO MAIA";"DEM";"RJ";1388;2011;54;99604;;
"ROGÉRIO CARVALHO";"ROGERIO CARVALHO";"PT";"SE";2291;2011;54;192581;;
"ROGÉRIO MARINHO";"ROGERIO MARINHO";"PSDB";"RN";1931;2011;54;160496;;
"ROGÉRIO PENINHA MENDONÇA";"ROGERIO PENINHA MENDONCA";"PMDB";"SC";2244;2011;54;189157;"true";
"ROMANNA REMOR";"ROMANNA REMOR";"PMDB";"SC";2472;2011;54;193517;;
"ROMÁRIO";"ROMARIO";"PSB";"RJ";2287;2011;54;189132;;
"ROMERO RODRIGUES";"ROMERO RODRIGUES";"PSDB";"PB";2335;2011;54;189101;"true";
"RONALDO BENEDET";"RONALDO BENEDET";"PMDB";"SC";2354;2011;54;189158;"true";
"RONALDO CAIADO";"RONALDO CAIADO";"DEM";"GO";802;2011;54;99756;"true";
"RONALDO FONSECA";"RONALDO FONSECA";"PR";"DF";2365;2011;54;189065;;"true"
"RONALDO NOGUEIRA";"RONALDO NOGUEIRA";"PTB";"RS";2428;2011;54;193090;;"true"
"RONALDO ZULKE";"RONALDO ZULKE";"PT";"RS";2303;2011;54;189151;;
"ROSANE FERREIRA";"ROSANE FERREIRA";"PV";"PR";2393;2011;54;189114;;
"ROSE DE FREITAS";"ROSE DE FREITAS";"PMDB";"ES";177;2011;54;100936;"true";
"ROSINHA DA ADEFAL";"ROSINHA DA ADEFAL";"PTdoB";"AL";2224;2011;54;189034;;"true"
"RUBENS BUENO";"RUBENS BUENO";"PPS";"PR";831;2011;54;100314;;
"RUBENS OTONI";"RUBENS OTONI";"PT";"GO";1686;2011;54;108662;"true";
"RUI COSTA";"RUI COSTA";"PT";"BA";2343;2011;54;189197;"true";
"RUI PALMEIRA";"RUI PALMEIRA";"PSDB";"AL";2294;2011;54;189035;"true";
"RUY CARNEIRO";"RUY CARNEIRO";"PSDB";"PB";2276;2011;54;189102;;"true"
"SABINO CASTELO BRANCO";"SABINO CASTELO BRANCO";"PTB";"AM";1933;2011;54;162442;;"true"
"SÁGUAS MORAES";"SAGUAS MORAES";"PT";"MT";2347;2011;54;189096;;
"SALVADOR ZIMBALDI";"SALVADOR ZIMBALDI";"PDT";"SP";1167;2011;54;98425;;
"SANDES JÚNIOR";"SANDES JUNIOR";"PP";"GO";1688;2011;54;109798;;
"SANDRA ROSADO";"SANDRA ROSADO";"PSB";"RN";1689;2011;54;109109;"true";
"SANDRO ALEX";"SANDRO ALEX";"PPS";"PR";2277;2011;54;189121;"true";
"SANDRO MABEL";"SANDRO MABEL";"PMDB";"GO";1168;2011;54;102187;"true";
"SARAIVA FELIPE";"SARAIVA FELIPE";"PMDB";"MG";1090;2011;54;97821;;
"SARNEY FILHO";"SARNEY FILHO";"PV";"MA";98;2011;54;98432;;
"SEBASTIÃO BALA ROCHA";"SEBASTIAO BALA ROCHA";"PDT";"AP";1934;2011;54;162227;;
"SÉRGIO BARRADAS CARNEIRO";"SERGIO BARRADAS CARNEIRO";"PT";"BA";972;2011;54;101102;;
"SÉRGIO BRITO";"SERGIO BRITO";"PSD";"BA";169;2011;54;103566;"true";"true"
"SERGIO GUERRA";"SERGIO GUERRA";"PSDB";"PE";655;2011;54;98452;"true";
"SÉRGIO MORAES";"SERGIO MORAES";"PTB";"RS";1935;2011;54;160016;;
"SERGIO ZVEITER";"SERGIO ZVEITER";"PSD";"RJ";2349;2011;54;189133;;
"SEVERINO NINHO";"SEVERINO NINHO";"PSB";"PE";2468;2011;54;193515;;
"SIBÁ MACHADO";"SIBA MACHADO";"PT";"AC";2398;2011;54;189030;;
"SILAS CÂMARA";"SILAS CAMARA";"PSD";"AM";1286;2011;54;99430;"true";"true"
"SILVIO COSTA";"SILVIO COSTA";"PTB";"PE";1973;2011;54;166613;"true";
"SILVIO TORRES";"SILVIO TORRES";"PSDB";"SP";1175;2011;54;98479;;
"SIMÃO SESSIM";"SIMAO SESSIM";"PP";"RJ";184;2011;54;98700;;
"SIMPLÍCIO ARAÚJO";"SIMPLICIO ARAUJO";"PPS";"MA";2475;2011;54;193610;;
"SOLANGE ALMEIDA";"SOLANGE ALMEIDA";"PMDB";"RJ";1938;2011;54;160063;;
"STEFANO AGUIAR";"STEFANO AGUIAR";"PSC";"MG";2430;2011;54;193109;;
"STEPAN NERCESSIAN";"STEPAN NERCESSIAN";"PPS";"RJ";2324;2011;54;189213;;
"SUELI VIDIGAL";"SUELI VIDIGAL";"PDT";"ES";1940;2011;54;161218;;"true"
"TAKAYAMA";"TAKAYAMA";"PSC";"PR";1693;2011;54;108134;"true";"true"
"TAUMATURGO LIMA";"TAUMATURGO LIMA";"PT";"AC";2344;2011;54;189031;;
"TERESA SURITA";"TERESA SURITA";"PMDB";"RR";562;2011;54;105484;;
"THIAGO PEIXOTO";"THIAGO PEIXOTO";"PSD";"GO";2296;2011;54;189073;;
"TIRIRICA";"TIRIRICA";"PR";"SP";2395;2011;54;189219;;
"TONINHO PINHEIRO";"TONINHO PINHEIRO";"PP";"MG";2285;2011;54;189079;;
"VALADARES FILHO";"VALADARES FILHO";"PSB";"SE";1945;2011;54;162197;;
"VALDEMAR COSTA NETO";"VALDEMAR COSTA NETO";"PR";"SP";779;2011;54;98554;;
"VALDIR COLATTO";"VALDIR COLATTO";"PMDB";"SC";527;2011;54;102508;"true";
"VALDIVINO DE OLIVEIRA";"VALDIVINO DE OLIVEIRA";"PSDB";"GO";2426;2011;54;193056;"true";
"VALMIR ASSUNÇÃO";"VALMIR ASSUNCAO";"PT";"BA";2265;2011;54;189052;;
"VALTENIR PEREIRA";"VALTENIR PEREIRA";"PSB";"MT";1946;2011;54;162881;"true";
"VANDER LOUBET";"VANDER LOUBET";"PT";"MS";1697;2011;54;108961;"true";
"VANDERLEI MACRIS";"VANDERLEI MACRIS";"PSDB";"SP";1947;2011;54;162372;;
"VANDERLEI SIRAQUE";"VANDERLEI SIRAQUE";"PT";"SP";2469;2011;54;193516;;
"VAZ DE LIMA";"VAZ DE LIMA";"PSDB";"SP";2404;2011;54;189170;;"true"
"VICENTE ARRUDA";"VICENTE ARRUDA";"PR";"CE";1188;2011;54;98573;;
"VICENTE CANDIDO";"VICENTE CANDIDO";"PT";"SP";2246;2011;54;189187;;
"VICENTINHO";"VICENTINHO";"PT";"SP";1699;2011;54;111039;;
"VIEIRA DA CUNHA";"VIEIRA DA CUNHA";"PDT";"RS";1950;2011;54;160402;;
"VILALBA";"VILALBA";"PRB";"PE";2427;2011;54;193089;;
"VILMAR ROCHA";"VILMAR ROCHA";"PSD";"GO";895;2011;54;98581;;
"VILSON COVATTI";"VILSON COVATTI";"PP";"RS";1966;2011;54;160984;"true";
"VINICIUS GURGEL";"VINICIUS GURGEL";"PR";"AP";2280;2011;54;189195;;
"VITOR PAULO";"VITOR PAULO";"PRB";"RJ";2353;2011;54;189134;;"true"
"VITOR PENIDO";"VITOR PENIDO";"DEM";"MG";1953;2011;54;162272;"true";
"WALDENOR PEREIRA";"WALDENOR PEREIRA";"PT";"BA";2288;2011;54;189053;;
"WALDIR MARANHÃO";"WALDIR MARANHAO";"PP";"MA";1954;2011;54;162799;"true";
"WALNEY ROCHA";"WALNEY ROCHA";"PTB";"RJ";2369;2011;54;189214;;"true"
"WALTER FELDMAN";"WALTER FELDMAN";"PSDB";"SP";1702;2011;54;108872;;
"WALTER IHOSHI";"WALTER IHOSHI";"PSD";"SP";1956;2011;54;160434;"true";
"WALTER TOSTA";"WALTER TOSTA";"PSD";"MG";2275;2011;54;189090;;"true"
"WANDENKOLK GONÇALVES";"WANDENKOLK GONCALVES";"PSDB";"PA";1957;2011;54;160663;"true";
"WASHINGTON REIS";"WASHINGTON REIS";"PMDB";"RJ";2331;2011;54;189135;;"true"
"WELITON PRADO";"WELITON PRADO";"PT";"MG";2233;2011;54;189205;;
"WELLINGTON FAGUNDES";"WELLINGTON FAGUNDES";"PR";"MT";786;2011;54;98614;"true";
"WELLINGTON ROBERTO";"WELLINGTON ROBERTO";"PR";"PB";1703;2011;54;109803;"true";
"WEVERTON ROCHA";"WEVERTON ROCHA";"PDT";"MA";2467;2011;54;193504;;
"WILLIAM DIB";"WILLIAM DIB";"PSDB";"SP";2254;2011;54;189188;;
"WILSON FILHO";"WILSON FILHO";"PMDB";"PB";2366;2011;54;189208;"true";
"WLADIMIR COSTA";"WLADIMIR COSTA";"PMDB";"PA";1705;2011;54;108764;;
"WOLNEY QUEIROZ";"WOLNEY QUEIROZ";"PDT";"PE";1198;2011;54;98647;;
"ZE CARLOS DA PESCA";"ZE CARLOS DA PESCA";"PP";"BA";2477;2011;54;193615;;
"ZÉ GERALDO";"ZE GERALDO";"PT";"PA";1706;2011;54;108927;;
"ZÉ SILVA";"ZE SILVA";"PDT";"MG";2231;2011;54;189086;"true";
"ZÉ VIEIRA";"ZE VIEIRA";"PR";"MA";1999;2011;54;184244;;"true"
"ZECA DIRCEU";"ZECA DIRCEU";"PT";"PR";2238;2011;54;189118;;
"ZENALDO COUTINHO";"ZENALDO COUTINHO";"PSDB";"PA";1284;2011;54;100058;;
"ZEQUINHA MARINHO";"ZEQUINHA MARINHO";"PSC";"PA";1709;2011;54;107501;"true";"true"
"ZEZÉU RIBEIRO";"ZEZEU RIBEIRO";"PT";"BA";1710;2011;54;109045;;
"ZOINHO";"ZOINHO";"PR";"RJ";2361;2011;54;189129;;
"ZONTA";"ZONTA";"PP";"SC";1712;2011;54;108510;;
"ACÁCIO JÚNIOR";"ACACIO JUNIOR";"PSB     ";"CE";2034;2007;53;;;
"ACÉLIO CASAGRANDE";"ACELIO CASAGRANDE";"PMDB    ";"SC";1975;2007;53;;;
"ADÃO PRETTO";"ADAO PRETTO";"PT      ";"RS";846;2007;53;;;
"AFFONSO CAMARGO";"AFFONSO CAMARGO";"PSDB    ";"PR";945;2007;53;;;
"AGNALDO MUNIZ";"AGNALDO MUNIZ";"PSC     ";"RO";1288;2007;53;;;
"AIRTON ROVEDA";"AIRTON ROVEDA";"PR      ";"PR";1434;2007;53;;;
"ALBANO FRANCO";"ALBANO FRANCO";"PSDB    ";"SE";1774;2007;53;;;
"ALBÉRICO FILHO";"ALBERICO FILHO";"PMDB    ";"MA";58;2007;53;;;
"ALBERTO FRAGA";"ALBERTO FRAGA";"DEM     ";"DF";1472;2007;53;;;
"ALBERTO SILVA";"ALBERTO SILVA";"PMDB    ";"PI";948;2007;53;;;
"ALCENI GUERRA";"ALCENI GUERRA";"DEM     ";"PR";393;2007;53;;;
"ALESSANDRO SABINO";"ALESSANDRO SABINO";"PMDB    ";"AP";1989;2007;53;;;
"ANDRÉ DE PAULA";"ANDRE DE PAULA";"DEM     ";"PE";1322;2007;53;;;
"ANDRE MONTORO";"ANDRE MONTORO";"PSDB    ";"SP";2022;2007;53;;;
"ANGELA AMIN";"ANGELA AMIN";"PP      ";"SC";835;2007;53;;;
"ANGELA PORTELA";"ANGELA PORTELA";"PT      ";"RR";1780;2007;53;;;
"ANN PONTES";"ANN PONTES";"PMDB    ";"PA";1537;2007;53;;;
"ANSELMO DE JESUS";"ANSELMO DE JESUS";"PT      ";"RO";1538;2007;53;;;
"ANTONIO CARLOS";"ANTONIO CARLOS";"PSDB    ";"MG";2025;2007;53;;;
"ANTONIO CARLOS BISCAIA";"ANTONIO CARLOS BISCAIA";"PT      ";"RJ";1462;2007;53;;;
"ANTONIO CARLOS CHAMARIZ";"ANTONIO CARLOS CHAMARIZ";"PTB     ";"AL";1997;2007;53;;;
"ANTONIO CARLOS PANNUNZIO";"ANTONIO CARLOS PANNUNZIO";"PSDB    ";"SP";961;2007;53;;;
"ANTONIO CRUZ";"ANTONIO CRUZ";"PP      ";"MS";1516;2007;53;;;
"ANTONIO FEIJÃO";"ANTONIO FEIJAO";"PTC     ";"AP";964;2007;53;;;
"ANTONIO JOSÉ MEDEIROS";"ANTONIO JOSE MEDEIROS";"PT      ";"PI";1783;2007;53;;;
"ANTONIO PALOCCI";"ANTONIO PALOCCI";"PT      ";"SP";1393;2007;53;;;
"ARMANDO MONTEIRO";"ARMANDO MONTEIRO";"PTB     ";"PE";1323;2007;53;;;
"ARNALDO MADEIRA";"ARNALDO MADEIRA";"PSDB    ";"SP";1202;2007;53;;;
"ARNALDO VIANNA";"ARNALDO VIANNA";"PDT     ";"RJ";1785;2007;53;;;
"AUGUSTO FARIAS";"AUGUSTO FARIAS";"PTB     ";"AL";658;2007;53;;;
"AYRTON XEREZ";"AYRTON XEREZ";"DEM     ";"RJ";1221;2007;53;;;
"B. SÁ";"B. SA";"PSB     ";"PI";629;2007;53;;;
"BARBOSA NETO";"BARBOSA NETO";"PDT     ";"PR";1787;2007;53;;;
"BEL MESQUITA";"BEL MESQUITA";"PMDB    ";"PA";1788;2007;53;;;
"BENE CAMACHO";"BENE CAMACHO";"PTB     ";"MA";2012;2007;53;;;
"BENEDITO DE LIRA";"BENEDITO DE LIRA";"PP      ";"AL";979;2007;53;;;
"BERNARDO ARISTON";"BERNARDO ARISTON";"PMDB    ";"RJ";1546;2007;53;;;
"BISPO GÊ TENUTA";"BISPO GE TENUTA";"DEM     ";"SP";1972;2007;53;;;
"BRUNO RODRIGUES";"BRUNO RODRIGUES";"PSDB    ";"PE";1792;2007;53;;;
"CAPITÃO ASSUMÇÃO";"CAPITAO ASSUMCAO";"PSB     ";"ES";1998;2007;53;;;
"CARLITO MERSS";"CARLITO MERSS";"PT      ";"SC";1443;2007;53;;;
"CARLOS ABICALIL";"CARLOS ABICALIL";"PT      ";"MT";1550;2007;53;;;
"CARLOS ALBERTO";"CARLOS ALBERTO";"DEM     ";"MG";2019;2007;53;;;
"CARLOS ALBERTO CANUTO";"CARLOS ALBERTO CANUTO";"PSC     ";"AL";1795;2007;53;;;
"CARLOS SANTANA";"CARLOS SANTANA";"PT      ";"RJ";728;2007;53;;;
"CARLOS WILLIAN";"CARLOS WILLIAN";"PTC     ";"MG";1554;2007;53;;;
"CARLOS WILSON";"CARLOS WILSON";"PT      ";"PE";1964;2007;53;;;
"CASSIO TANIGUCHI";"CASSIO TANIGUCHI";"DEM     ";"PR";1797;2007;53;;;
"CELCITA PINHEIRO";"CELCITA PINHEIRO";"DEM     ";"MT";1417;2007;53;;;
"CELSO RUSSOMANNO";"CELSO RUSSOMANNO";"PP      ";"SP";993;2007;53;;;
"CEZAR SCHIRMER";"CEZAR SCHIRMER";"PMDB    ";"RS";1452;2007;53;;;
"CHARLES COZZOLINO";"CHARLES COZZOLINO";"PTB     ";"RJ";2013;2007;53;;;
"CHARLES LUCENA";"CHARLES LUCENA";"PTB     ";"PE";1769;2007;53;;;
"CHICO ABREU";"CHICO ABREU";"PR      ";"GO";1978;2007;53;;;
"CHICO DA PRINCESA";"CHICO DA PRINCESA";"PR      ";"PR";1208;2007;53;;;
"CHICO DALTRO";"CHICO DALTRO";"PP      ";"MT";2014;2007;53;;;
"CHICO NETO";"CHICO NETO";"PSDB    ";"PA";2028;2007;53;;;
"CIDA DIOGO";"CIDA DIOGO";"PT      ";"RJ";1801;2007;53;;;
"CIRO GOMES";"CIRO GOMES";"PSB     ";"CE";1802;2007;53;;;
"CIRO NOGUEIRA";"CIRO NOGUEIRA";"PP      ";"PI";1201;2007;53;;;
"CIRO PEDROSA";"CIRO PEDROSA";"PV      ";"MG";1803;2007;53;;;
"CLÁUDIO DIAZ";"CLAUDIO DIAZ";"PSDB    ";"RS";1765;2007;53;;;
"CLÁUDIO MAGRÃO";"CLAUDIO MAGRAO";"PPS     ";"SP";1558;2007;53;;;
"CLODOVIL HERNANDES";"CLODOVIL HERNANDES";"PR      ";"SP";1805;2007;53;;;
"CLÓVIS FECURY";"CLOVIS FECURY";"DEM     ";"MA";1559;2007;53;;;
"COLBERT MARTINS";"COLBERT MARTINS";"PMDB    ";"BA";1241;2007;53;;;
"CRISTIANO MATHEUS";"CRISTIANO MATHEUS";"PMDB    ";"AL";1806;2007;53;;;
"CUSTÓDIO MATTOS";"CUSTODIO MATTOS";"PSDB    ";"MG";1351;2007;53;;;
"DAGOBERTO";"DAGOBERTO";"PDT     ";"MS";1807;2007;53;;;
"DANIEL FONTANA";"DANIEL FONTANA";"PT      ";"RS";2026;2007;53;;;
"DJALMA BERGER";"DJALMA BERGER";"PSB     ";"SC";1811;2007;53;;;
"DR. BASEGIO";"DR. BASEGIO";"PDT     ";"RS";1968;2007;53;;;
"DR. NECHAR";"DR. NECHAR";"PP      ";"SP";1813;2007;53;;;
"DR. PINOTTI";"DR. PINOTTI";"DEM     ";"SP";1073;2007;53;;;
"DR. TALMIR";"DR. TALMIR";"PV      ";"SP";1814;2007;53;;;
"EDGAR MOURY";"EDGAR MOURY";"PMDB    ";"PE";1817;2007;53;;;
"EDIGAR MÃO BRANCA";"EDIGAR MAO BRANCA";"PV      ";"BA";1976;2007;53;;;
"EDINHO MONTEMOR";"EDINHO MONTEMOR";"PSB     ";"SP";1739;2007;53;;;
"EDIR OLIVEIRA";"EDIR OLIVEIRA";"PTB     ";"RS";1497;2007;53;;;
"EDMAR MOREIRA";"EDMAR MOREIRA";"PR      ";"MG";692;2007;53;;;
"EDMILSON VALENTIM";"EDMILSON VALENTIM";"PCdoB   ";"RJ";197;2007;53;;;
"EDSON DUARTE";"EDSON DUARTE";"PV      ";"BA";1614;2007;53;;;
"EDUARDO AMORIM";"EDUARDO AMORIM";"PSC     ";"SE";1821;2007;53;;;
"EDUARDO LOPES";"EDUARDO LOPES";"PRB     ";"RJ";1971;2007;53;;;
"EDUARDO MOURA";"EDUARDO MOURA";"PPS     ";"MT";1990;2007;53;;;
"EDUARDO VALVERDE";"EDUARDO VALVERDE";"PT      ";"RO";1629;2007;53;;;
"ELISMAR PRADO";"ELISMAR PRADO";"PT      ";"MG";1825;2007;53;;;
"ELIZEU AGUIAR";"ELIZEU AGUIAR";"PTB     ";"PI";1995;2007;53;;;
"EMILIA FERNANDES";"EMILIA FERNANDES";"PT      ";"RS";2003;2007;53;;;
"ENÉAS";"ENEAS";"PR      ";"SP";1580;2007;53;;;
"ERNANDES AMORIM";"ERNANDES AMORIM";"PTB     ";"RO";1826;2007;53;;;
"EUGÊNIO RABELO";"EUGENIO RABELO";"PP      ";"CE";1828;2007;53;;;
"EUNÍCIO OLIVEIRA";"EUNICIO OLIVEIRA";"PMDB    ";"CE";1307;2007;53;;;
"EURIPEDES MIRANDA";"EURIPEDES MIRANDA";"PT      ";"RO";1023;2007;53;;;
"FÉLIX MENDONÇA";"FELIX MENDONCA";"DEM     ";"BA";671;2007;53;;;
"FERNANDO CHIARELLI";"FERNANDO CHIARELLI";"PDT     ";"SP";2006;2007;53;;;
"FERNANDO CHUCRE";"FERNANDO CHUCRE";"PSDB    ";"SP";1770;2007;53;;;
"FERNANDO CORUJA";"FERNANDO CORUJA";"PPS     ";"SC";1445;2007;53;;;
"FERNANDO DE FABINHO";"FERNANDO DE FABINHO";"DEM     ";"BA";1641;2007;53;;;
"FERNANDO DINIZ";"FERNANDO DINIZ";"PMDB    ";"MG";694;2007;53;;;
"FERNANDO GABEIRA";"FERNANDO GABEIRA";"PV      ";"RJ";1032;2007;53;;;
"FERNANDO GONÇALVES";"FERNANDO GONCALVES";"PTB     ";"RJ";1028;2007;53;;;
"FERNANDO LOPES";"FERNANDO LOPES";"PMDB    ";"RJ";730;2007;53;;;
"FERNANDO MELO";"FERNANDO MELO";"PT      ";"AC";1834;2007;53;;;
"FERNANDO NASCIMENTO";"FERNANDO NASCIMENTO";"PT      ";"PE";1996;2007;53;;;
"FLAVIO ANTUNES";"FLAVIO ANTUNES";"PSDB    ";"PB";2021;2007;53;;;
"FLÁVIO BEZERRA";"FLAVIO BEZERRA";"PRB     ";"CE";1837;2007;53;;;
"FLÁVIO DINO";"FLAVIO DINO";"PCdoB   ";"MA";1838;2007;53;;;
"FRANCISCO RODRIGUES";"FRANCISCO RODRIGUES";"DEM     ";"RR";558;2007;53;;;
"FRANCISCO ROSSI";"FRANCISCO ROSSI";"PMDB    ";"SP";1965;2007;53;;;
"FRANCISCO TENORIO";"FRANCISCO TENORIO";"PMN     ";"AL";1839;2007;53;;;
"FRANK AGUIAR";"FRANK AGUIAR";"PTB     ";"SP";1840;2007;53;;;
"FREDO JUNIOR";"FREDO JUNIOR";"PCdoB   ";"DF";2032;2007;53;;;
"FREIRE JÚNIOR";"FREIRE JUNIOR";"PSDB    ";"TO";496;2007;53;;;
"GEDDEL VIEIRA LIMA";"GEDDEL VIEIRA LIMA";"PMDB    ";"BA";673;2007;53;;;
"GERALDINHO";"GERALDINHO";"PSOL    ";"RS";2011;2007;53;;;
"GERALDO PUDIM";"GERALDO PUDIM";"PR      ";"RJ";1842;2007;53;;;
"GERMANO BONOW";"GERMANO BONOW";"DEM     ";"RS";1843;2007;53;;;
"GERÔNIMO DA ADEFAL";"GERONIMO DA ADEFAL";"PFL     ";"AL";1844;2007;53;;;
"GERSON PERES";"GERSON PERES";"PP      ";"PA";67;2007;53;;;
"GERVÁSIO SILVA";"GERVASIO SILVA";"PSDB    ";"SC";1446;2007;53;;;
"GISELA SEQUEIRA";"GISELA SEQUEIRA";"PSDB    ";"PA";2030;2007;53;;;
"GUILHERME MENEZES";"GUILHERME MENEZES";"PT      ";"BA";1653;2007;53;;;
"GUSTAVO FRUET";"GUSTAVO FRUET";"PSDB    ";"PR";1437;2007;53;;;
"HUMBERTO SOUTO";"HUMBERTO SOUTO";"PPS     ";"MG";202;2007;53;;;
"IARA BERNARDI";"IARA BERNARDI";"PT      ";"SP";1400;2007;53;;;
"IBSEN PINHEIRO";"IBSEN PINHEIRO";"PMDB    ";"RS";427;2007;53;;;
"ILDERLEI CORDEIRO";"ILDERLEI CORDEIRO";"PPS     ";"AC";1849;2007;53;;;
"INDIO DA COSTA";"INDIO DA COSTA";"DEM     ";"RJ";1850;2007;53;;;
"IRAN BARBOSA";"IRAN BARBOSA";"PT      ";"SE";1914;2007;53;;;
"ÍRIS SIMÕES";"IRIS SIMOES";"PR      ";"PR";1438;2007;53;;;
"ITAMAR ROCHA";"ITAMAR ROCHA";"PMDB    ";"RN";2027;2007;53;;;
"JACKSON BARRETO";"JACKSON BARRETO";"PMDB    ";"SE";1665;2007;53;;;
"JADER BARBALHO";"JADER BARBALHO";"PMDB    ";"PA";1666;2007;53;;;
"JAIRO CARNEIRO";"JAIRO CARNEIRO";"PP      ";"BA";153;2007;53;;;
"JERÔNIMO REIS";"JERONIMO REIS";"DEM     ";"SE";664;2007;53;;;
"JOÃO ALMEIDA";"JOAO ALMEIDA";"PSDB    ";"BA";676;2007;53;;;
"JOÃO BATISTA";"JOAO BATISTA";"PMDB    ";"RO";2017;2007;53;;;
"JOÃO HERRMANN";"JOAO HERRMANN";"PDT     ";"SP";346;2007;53;;;
"JOÃO MATOS";"JOAO MATOS";"PMDB    ";"SC";1059;2007;53;;;
"JOÃO OLIVEIRA";"JOAO OLIVEIRA";"DEM     ";"TO";1858;2007;53;;;
"JOFRAN FREJAT";"JOFRAN FREJAT";"PR      ";"DF";362;2007;53;;;
"JORGE ALBERTO";"JORGE ALBERTO";"PMDB    ";"SE";1337;2007;53;;;
"JORGE KHOURY";"JORGE KHOURY";"DEM     ";"BA";677;2007;53;;;
"JORGINHO MALULY";"JORGINHO MALULY";"DEM     ";"SP";1967;2007;53;;;
"JOSÉ C. STANGARLINI";"JOSE C. STANGARLINI";"PSDB    ";"SP";2007;2007;53;;;
"JOSÉ CARLOS ALELUIA";"JOSE CARLOS ALELUIA";"DEM     ";"BA";678;2007;53;;;
"JOSÉ CARLOS MACHADO";"JOSE CARLOS MACHADO";"DEM     ";"SE";1592;2007;53;;;
"JOSÉ CARLOS VIEIRA";"JOSE CARLOS VIEIRA";"PR      ";"SC";1079;2007;53;;;
"JOSÉ EDMAR";"JOSE EDMAR";"PR      ";"DF";1993;2007;53;;;
"JOSÉ EDUARDO CARDOZO";"JOSE EDUARDO CARDOZO";"PT      ";"SP";1566;2007;53;;;
"JOSÉ FERNANDO APARECIDO DE OLIVEIRA";"JOSE FERNANDO APARECIDO DE OLIVEIRA";"PV      ";"MG";1959;2007;53;;;
"JOSÉ GENOÍNO";"JOSE GENOINO";"PT      ";"SP";348;2007;53;;;
"JOSÉ MAIA FILHO";"JOSE MAIA FILHO";"DEM     ";"PI";1994;2007;53;;;
"JOSÉ MENDONÇA BEZERRA";"JOSE MENDONCA BEZERRA";"DEM     ";"PE";12;2007;53;;;
"JOSÉ MÚCIO MONTEIRO";"JOSE MUCIO MONTEIRO";"PTB     ";"PE";648;2007;53;;;
"JOSÉ PAULO TÓFFANO";"JOSE PAULO TOFFANO";"PV      ";"SP";1862;2007;53;;;
"JOSÉ PIMENTEL";"JOSE PIMENTEL";"PT      ";"CE";1076;2007;53;;;
"JOSÉ ROBERTO DUDÉ";"JOSE ROBERTO DUDE";"PT      ";"ES";2023;2007;53;;;
"JOSÉ SANTANA DE VASCONCELLOS";"JOSE SANTANA DE VASCONCELLOS";"PR      ";"MG";256;2007;53;;;
"JULIÃO AMIN";"JULIAO AMIN";"PDT     ";"MA";1863;2007;53;;;
"JÚLIO REDECKER";"JULIO REDECKER";"PSDB    ";"RS";1203;2007;53;;;
"JUNIOR MARZOLA";"JUNIOR MARZOLA";"DEM     ";"TO";2015;2007;53;;;
"JURANDIL JUAREZ";"JURANDIL JUAREZ";"PMDB    ";"AP";1277;2007;53;;;
"JURANDY LOUREIRO";"JURANDY LOUREIRO";"PSC     ";"ES";1864;2007;53;;;
"JUSMARI OLIVEIRA";"JUSMARI OLIVEIRA";"PR      ";"BA";1865;2007;53;;;
"JUVENIL";"JUVENIL";"PRTB    ";"MG";1866;2007;53;;;
"LAERTE BESSA";"LAERTE BESSA";"PSC     ";"DF";1867;2007;53;;;
"LEANDRO SAMPAIO";"LEANDRO SAMPAIO";"PPS     ";"RJ";1870;2007;53;;;
"LEO ALCÂNTARA";"LEO ALCANTARA";"PR      ";"CE";1308;2007;53;;;
"LÉO VIVAS";"LEO VIVAS";"PRB     ";"RJ";1872;2007;53;;;
"LÍDICE DA MATA";"LIDICE DA MATA";"PSB     ";"BA";161;2007;53;;;
"LOBBE NETO";"LOBBE NETO";"PSDB    ";"SP";1586;2007;53;;;
"LUCENIRA PIMENTEL";"LUCENIRA PIMENTEL";"PR      ";"AP";1876;2007;53;;;
"LUCIANA COSTA";"LUCIANA COSTA";"PR      ";"SP";1980;2007;53;;;
"LUCIANA GENRO";"LUCIANA GENRO";"PSOL    ";"RS";1587;2007;53;;;
"LUCIANO PIZZATTO";"LUCIANO PIZZATTO";"DEM     ";"PR";823;2007;53;;;
"LUIZ BASSUMA";"LUIZ BASSUMA";"PV      ";"BA";1544;2007;53;;;
"LUIZ BITTENCOURT";"LUIZ BITTENCOURT";"PMDB    ";"GO";1427;2007;53;;;
"LUIZ CARREIRA";"LUIZ CARREIRA";"DEM     ";"BA";1589;2007;53;;;
"LUIZ PAULO VELLOZO LUCAS";"LUIZ PAULO VELLOZO LUCAS";"PSDB    ";"ES";1880;2007;53;;;
"LUPÉRCIO RAMOS";"LUPERCIO RAMOS";"PMDB    ";"AM";1591;2007;53;;;
"MAJOR FÁBIO";"MAJOR FABIO";"DEM     ";"PB";1986;2007;53;;;
"MARCELO ALMEIDA";"MARCELO ALMEIDA";"PMDB    ";"PR";1979;2007;53;;;
"MARCELO GUIMARÃES FILHO";"MARCELO GUIMARAES FILHO";"PMDB    ";"BA";1601;2007;53;;;
"MARCELO ITAGIBA";"MARCELO ITAGIBA";"PSDB    ";"RJ";1883;2007;53;;;
"MARCELO MELO";"MARCELO MELO";"PMDB    ";"GO";1884;2007;53;;;
"MARCELO ORTIZ";"MARCELO ORTIZ";"PV      ";"SP";1602;2007;53;;;
"MARCELO SERAFIM";"MARCELO SERAFIM";"PSB     ";"AM";1885;2007;53;;;
"MARCELO TEIXEIRA";"MARCELO TEIXEIRA";"PR      ";"CE";969;2007;53;;;
"MARCIO JUNQUEIRA";"MARCIO JUNQUEIRA";"DEM     ";"RR";1887;2007;53;;;
"MARCIO PASSOS";"MARCIO PASSOS";"PR      ";"MG";2024;2007;53;;;
"MARCONDES GADELHA";"MARCONDES GADELHA";"PSC     ";"PB";1321;2007;53;;;
"MARCOS ANTONIO";"MARCOS ANTONIO";"PRB     ";"PE";1888;2007;53;;;
"MARCOS LIMA";"MARCOS LIMA";"PMDB    ";"MG";260;2007;53;;;
"MARIA DO CARMO LARA";"MARIA DO CARMO LARA";"PT      ";"MG";1356;2007;53;;;
"MARIA HELENA";"MARIA HELENA";"PSB     ";"RR";1607;2007;53;;;
"MARIA LÚCIA CARDOSO";"MARIA LUCIA CARDOSO";"PMDB    ";"MG";1357;2007;53;;;
"MARINA MAGGESSI";"MARINA MAGGESSI";"PPS     ";"RJ";1890;2007;53;;;
"MÁRIO HERINGER";"MARIO HERINGER";"PDT     ";"MG";1609;2007;53;;;
"MATTEO CHIARELLI";"MATTEO CHIARELLI";"DEM     ";"RS";1981;2007;53;;;
"MAX ROSENMANN";"MAX ROSENMANN";"PMDB    ";"PR";394;2007;53;;;
"MICHEL TEMER";"MICHEL TEMER";"PMDB    ";"SP";454;2007;53;;;
"MIGUEL MARTINI";"MIGUEL MARTINI";"PHS     ";"MG";1895;2007;53;;;
"MILTON BARBOSA";"MILTON BARBOSA";"PSC     ";"BA";167;2007;53;;;
"MILTON VIEIRA";"MILTON VIEIRA";"DEM     ";"SP";2004;2007;53;;;
"MOISES AVELINO";"MOISES AVELINO";"PMDB    ";"TO";508;2007;53;;;
"MUSSA DEMES";"MUSSA DEMES";"DEM     ";"PI";81;2007;53;;;
"NÉLIO DIAS";"NELIO DIAS";"PP      ";"RN";1619;2007;53;;;
"NELSON GOETTEN";"NELSON GOETTEN";"PR      ";"SC";1898;2007;53;;;
"NELSON PROENÇA";"NELSON PROENCA";"PPS     ";"RS";856;2007;53;;;
"NELSON TRAD";"NELSON TRAD";"PMDB    ";"MS";808;2007;53;;;
"NEUCIMAR FRAGA";"NEUCIMAR FRAGA";"PR      ";"ES";1621;2007;53;;;
"NEUDO CAMPOS";"NEUDO CAMPOS";"PP      ";"RR";1899;2007;53;;;
"NILMAR RUIZ";"NILMAR RUIZ";"PR      ";"TO";1494;2007;53;;;
"NILSON MOURÃO";"NILSON MOURAO";"PT      ";"AC";1295;2007;53;;;
"OLAVO CALHEIROS";"OLAVO CALHEIROS";"PMDB    ";"AL";660;2007;53;;;
"OSÓRIO ADRIANO";"OSORIO ADRIANO";"DEM     ";"DF";791;2007;53;;;
"OSVALDO BIOLCHI";"OSVALDO BIOLCHI";"PMDB    ";"RS";1142;2007;53;;;
"OSVALDO REIS";"OSVALDO REIS";"PMDB    ";"TO";603;2007;53;;;
"PAES DE LIRA";"PAES DE LIRA";"PTC     ";"SP";2005;2007;53;;;
"PASTOR FRANKEMBERGEN";"PASTOR FRANKEMBERGEN";"PTB     ";"RR";1633;2007;53;;;
"PASTOR MANOEL FERREIRA";"PASTOR MANOEL FERREIRA";"PR      ";"RJ";1902;2007;53;;;
"PASTOR PEDRO RIBEIRO";"PASTOR PEDRO RIBEIRO";"PR      ";"CE";1635;2007;53;;;
"PAULO BAUER";"PAULO BAUER";"PSDB    ";"SC";844;2007;53;;;
"PAULO DELGADO";"PAULO DELGADO";"PT      ";"MG";273;2007;53;;;
"PAULO HENRIQUE LUSTOSA";"PAULO HENRIQUE LUSTOSA";"PMDB    ";"CE";1905;2007;53;;;
"PAULO LIMA";"PAULO LIMA";"PMDB    ";"SP";884;2007;53;;;
"PAULO RATTES";"PAULO RATTES";"PMDB    ";"RJ";1725;2007;53;;;
"PAULO RENATO SOUZA";"PAULO RENATO SOUZA";"PSDB    ";"SP";1908;2007;53;;;
"PAULO ROBERTO PEREIRA";"PAULO ROBERTO PEREIRA";"PTB     ";"RS";1909;2007;53;;;
"PAULO ROCHA";"PAULO ROCHA";"PT      ";"PA";580;2007;53;;;
"PEDRO VALADARES";"PEDRO VALADARES";"DEM     ";"SE";667;2007;53;;;
"PEDRO WILSON";"PEDRO WILSON";"PT      ";"GO";1149;2007;53;;;
"POMPEO DE MATTOS";"POMPEO DE MATTOS";"PDT     ";"RS";1458;2007;53;;;
"PROFESSOR RUY PAULETTI";"PROFESSOR RUY PAULETTI";"PSDB    ";"RS";1915;2007;53;;;
"PROFESSOR VICTORIO GALLI";"PROFESSOR VICTORIO GALLI";"PMDB    ";"MT";1983;2007;53;;;
"PROFESSORA RAQUEL TEIXEIRA";"PROFESSORA RAQUEL TEIXEIRA";"PSDB    ";"GO";1648;2007;53;;;
"R. SÁ FILHO";"R. SA FILHO";"PSDB    ";"PI";2020;2007;53;;;
"RAFAEL GUERRA";"RAFAEL GUERRA";"PSDB    ";"MG";1360;2007;53;;;
"RAUL JUNGMANN";"RAUL JUNGMANN";"PPS     ";"PE";1676;2007;53;;;
"REGIS DE OLIVEIRA";"REGIS DE OLIVEIRA";"PSC     ";"SP";1152;2007;53;;;
"REINALDO NOGUEIRA";"REINALDO NOGUEIRA";"PDT     ";"SP";1920;2007;53;;;
"RENATO AMARY";"RENATO AMARY";"PSDB    ";"SP";1921;2007;53;;;
"RENATO COZZOLINO";"RENATO COZZOLINO";"PDT     ";"RJ";1680;2007;53;;;
"RENILDO CALHEIROS";"RENILDO CALHEIROS";"PCdoB   ";"PE";652;2007;53;;;
"RICARDO BARROS";"RICARDO BARROS";"PP      ";"PR";1155;2007;53;;;
"RICARDO IZAR (PAI)";"RICARDO IZAR";"PTB";"SP";332;2007;53;;;
"RICARTE DE FREITAS";"RICARTE DE FREITAS";"PTB     ";"MT";1463;2007;53;;;
"RITA CAMATA";"RITA CAMATA";"PSDB    ";"ES";175;2007;53;;;
"ROBERTO ALVES";"ROBERTO ALVES";"PTB     ";"SP";2000;2007;53;;;
"ROBERTO MAGALHÃES";"ROBERTO MAGALHAES";"DEM     ";"PE";654;2007;53;;;
"ROBERTO ROCHA";"ROBERTO ROCHA";"PSDB    ";"MA";1157;2007;53;;;
"ROBSON TUMA";"ROBSON TUMA";"DEM     ";"SP";777;2007;53;;;
"RODOVALHO";"RODOVALHO";"PP      ";"DF";1927;2007;53;;;
"RODRIGO ROCHA LOURES";"RODRIGO ROCHA LOURES";"PMDB    ";"PR";1926;2007;53;;;
"RODRIGO ROLLEMBERG";"RODRIGO ROLLEMBERG";"PSB     ";"DF";1929;2007;53;;;
"ROGERIO LISBOA";"ROGERIO LISBOA";"DEM     ";"RJ";1930;2007;53;;;
"ROGÉRIO ROSSO";"ROGERIO ROSSO";"PMDB    ";"DF";2031;2007;53;;;
"ROGERIO SILVA";"ROGERIO SILVA";"PP      ";"MT";1162;2007;53;;;
"RÔMULO GOUVEIA";"ROMULO GOUVEIA";"PSDB    ";"PB";1932;2007;53;;;
"RONALDO CUNHA LIMA";"RONALDO CUNHA LIMA";"PSDB    ";"PB";1684;2007;53;;;
"RONALDO LEITE";"RONALDO LEITE";"PHS     ";"AM";1992;2007;53;;;
"SÁ";"SA";"PR      ";"RR";1272;2007;53;;;
"SALLES";"SALLES";"DEM     ";"SP";2033;2007;53;;;
"SANDRO MATOS";"SANDRO MATOS";"PR      ";"RJ";1690;2007;53;;;
"SATURNINO MASSON";"SATURNINO MASSON";"PSDB    ";"MT";1985;2007;53;;;
"SEBASTIÃO MADEIRA";"SEBASTIAO MADEIRA";"PSDB    ";"MA";1170;2007;53;;;
"SERGIO PETECÃO";"SERGIO PETECAO";"PMN     ";"AC";1936;2007;53;;;
"SEVERIANO ALVES";"SEVERIANO ALVES";"PMDB    ";"BA";1171;2007;53;;;
"SILAS BRASILEIRO";"SILAS BRASILEIRO";"PMDB    ";"MG";1173;2007;53;;;
"SILVINHO PECCIOLI";"SILVINHO PECCIOLI";"DEM     ";"SP";1937;2007;53;;;
"SILVIO LOPES";"SILVIO LOPES";"PSDB    ";"RJ";1206;2007;53;;;
"SOLANGE AMARAL";"SOLANGE AMARAL";"DEM     ";"RJ";1939;2007;53;;;
"SUELY";"SUELY";"PR      ";"RJ";1941;2007;53;;;
"TADEU FILIPPELLI";"TADEU FILIPPELLI";"PMDB    ";"DF";1422;2007;53;;;
"TARCÍSIO ZIMMERMANN";"TARCISIO ZIMMERMANN";"PT      ";"RS";1464;2007;53;;;
"TATICO";"TATICO";"PTB     ";"GO";1694;2007;53;;;
"TELMA DE SOUZA";"TELMA DE SOUZA";"PT      ";"SP";1178;2007;53;;;
"THELMA DE OLIVEIRA";"THELMA DE OLIVEIRA";"PSDB    ";"MT";1696;2007;53;;;
"THEMÍSTOCLES SAMPAIO";"THEMISTOCLES SAMPAIO";"PMDB    ";"PI";1312;2007;53;;;
"TONHA MAGALHÃES";"TONHA MAGALHAES";"PR      ";"BA";1942;2007;53;;;
"ULDURICO PINTO";"ULDURICO PINTO";"PHS     ";"BA";170;2007;53;;;
"URZENI ROCHA";"URZENI ROCHA";"PSDB    ";"RR";1943;2007;53;;;
"VADÃO GOMES";"VADAO GOMES";"PP      ";"SP";756;2007;53;;;
"VANESSA GRAZZIOTIN";"VANESSA GRAZZIOTIN";"PCdoB   ";"AM";1287;2007;53;;;
"VELOSO";"VELOSO";"PMDB    ";"BA";1948;2007;53;;;
"VIC PIRES FRANCO";"VIC PIRES FRANCO";"DEM     ";"PA";1190;2007;53;;;
"VICENTE SELISTRE";"VICENTE SELISTRE";"PSB     ";"RS";2018;2007;53;;;
"VICENTINHO ALVES";"VICENTINHO ALVES";"PR      ";"TO";1949;2007;53;;;
"VIEGAS";"VIEGAS";"PSDB    ";"PE";2016;2007;53;;;
"VIGNATTI";"VIGNATTI";"PT      ";"SC";1701;2007;53;;;
"VINICIUS CARVALHO";"VINICIUS CARVALHO";"PTdoB   ";"RJ";1951;2007;53;;;
"VIRGÍLIO GUIMARÃES";"VIRGILIO GUIMARAES";"PT      ";"MG";284;2007;53;;;
"VITAL DO RÊGO FILHO";"VITAL DO REGO FILHO";"PMDB    ";"PB";1952;2007;53;;;
"WALDEMIR MOKA";"WALDEMIR MOKA";"PMDB    ";"MS";1433;2007;53;;;
"WALDIR NEVES";"WALDIR NEVES";"PSDB    ";"MS";1955;2007;53;;;
"WALTER BRITO NETO";"WALTER BRITO NETO";"PRB     ";"PB";1984;2007;53;;;
"WALTER PINHEIRO";"WALTER PINHEIRO";"PT      ";"BA";1243;2007;53;;;
"WASHINGTON LUIZ";"WASHINGTON LUIZ";"PT      ";"MA";1728;2007;53;;;
"WILLIAM WOO";"WILLIAM WOO";"PPS     ";"SP";1958;2007;53;;;
"WILSON BRAGA";"WILSON BRAGA";"PMDB    ";"PB";1197;2007;53;;;
"WILSON PICLER";"WILSON PICLER";"PDT     ";"PR";2010;2007;53;;;
"WILSON SANTIAGO";"WILSON SANTIAGO";"PMDB    ";"PB";1704;2007;53;;;
"ZÉ GERARDO";"ZE GERARDO";"PMDB    ";"CE";1082;2007;53;;;
